Pos,Num,Player,MT,Team,K,Avg,H,Avg,D,Avg,M,Avg,HO,Avg,T,Avg,FF,FA,G,Avg,B,SC,Rat,Avg
1,15,Dayne Zorko,27,Brisbane Lions,566,21,145,5.4,711,26.3,213,7.9,0,0,86,3.2,23,24,9,0.3,6,60,2982,110.4
2,5,Josh Dunkley,27,Brisbane Lions,335,12.4,348,12.9,683,25.3,150,5.6,2,0.1,167,6.2,39,17,6,0.2,6,42,2851,105.6
3,21,Errol Gulden,26,Sydney,514,19.8,191,7.3,705,27.1,146,5.6,0,0,92,3.5,27,29,15,0.6,16,106,2776,106.8
4,6,Lachie Whitfield,25,GWS Giants,488,19.5,265,10.6,753,30.1,177,7.1,0,0,72,2.9,20,32,0,0,1,1,2738,109.5
5,6,Hugh McCluggage,27,Brisbane Lions,397,14.7,270,10,667,24.7,143,5.3,0,0,99,3.7,30,21,19,0.7,14,128,2651,98.2
6,38,Tristan Xerri,23,North Melbourne,194,8.4,218,9.5,412,17.9,66,2.9,794,34.5,173,7.5,54,58,8,0.3,3,51,2633,114.5
7,9,Zak Butters,26,Port Adelaide,370,14.2,334,12.8,704,27.1,123,4.7,0,0,107,4.1,35,30,13,0.5,13,91,2611,100.4
8,9,Lachie Neale,26,Brisbane Lions,353,13.6,409,15.7,762,29.3,120,4.6,0,0,85,3.3,35,30,13,0.5,7,85,2607,100.3
9,19,Rowan Marshall,22,St Kilda,327,14.9,132,6,459,20.9,130,5.9,567,25.8,97,4.4,41,44,15,0.7,8,98,2597,118
10,4,Marcus Bontempelli,24,Western Bulldogs,324,13.5,294,12.3,618,25.8,96,4,0,0,129,5.4,24,20,32,1.3,20,212,2540,105.8
11,1,Adam Treloar,24,Western Bulldogs,348,14.5,377,15.7,725,30.2,76,3.2,0,0,109,4.5,22,20,16,0.7,6,102,2526,105.3
12,5,Isaac Heeney,24,Sydney,328,13.7,274,11.4,602,25.1,108,4.5,0,0,113,4.7,45,23,34,1.4,20,224,2508,104.5
13,7,Zach Merrett,23,Essendon,361,15.7,289,12.6,650,28.3,99,4.3,0,0,114,5,34,14,14,0.6,15,99,2505,108.9
14,4,Brodie Grundy,26,Sydney,180,6.9,289,11.1,469,18,59,2.3,837,32.2,121,4.7,51,61,2,0.1,3,15,2499,96.1
15,12,Tom Green,25,GWS Giants,334,13.4,436,17.4,770,30.8,75,3,0,0,101,4,12,26,9,0.4,3,57,2494,99.8
16,37,Nic Martin,23,Essendon,418,18.2,232,10.1,650,28.3,153,6.7,0,0,54,2.3,11,13,15,0.7,11,101,2466,107.2
17,35,Nick Daicos,23,Collingwood,381,16.6,324,14.1,705,30.7,68,3,0,0,87,3.8,39,36,20,0.9,14,134,2408,104.7
18,9,Patrick Cripps,24,Carlton,266,11.1,426,17.8,692,28.8,63,2.6,20,0.8,129,5.4,49,47,17,0.7,6,108,2391,99.6
19,44,Tim English,23,Western Bulldogs,204,8.9,175,7.6,379,16.5,138,6,622,27,87,3.8,31,27,14,0.6,10,94,2390,103.9
20,15,Noah Anderson,23,Gold Coast,361,15.7,304,13.2,665,28.9,109,4.7,0,0,71,3.1,26,8,13,0.6,8,86,2390,103.9
21,24,Nic Newman,23,Carlton,398,17.3,147,6.4,545,23.7,187,8.1,0,0,91,4,25,25,1,0,3,9,2372,103.1
22,3,Sam Flanders,22,Gold Coast,380,17.3,300,13.6,680,30.9,122,5.5,0,0,50,2.3,27,11,11,0.5,5,71,2371,107.8
23,3,Harry Sheezel,21,North Melbourne,330,15.7,296,14.1,626,29.8,134,6.4,0,0,80,3.8,14,15,14,0.7,1,85,2358,112.3
24,9,Jack Steele,22,St Kilda,250,11.4,290,13.2,540,24.5,131,6,0,0,154,7,26,20,8,0.4,3,51,2356,107.1
25,1,Chad Warner,25,Sydney,361,14.4,226,9,587,23.5,104,4.2,0,0,79,3.2,19,29,35,1.4,19,229,2324,93
26,8,Andrew Brayshaw,22,Fremantle,289,13.1,356,16.2,645,29.3,95,4.3,0,0,112,5.1,31,30,7,0.3,11,53,2306,104.8
27,7,Jarrod Berry,27,Brisbane Lions,302,11.2,238,8.8,540,20,167,6.2,0,0,97,3.6,33,16,6,0.2,8,44,2300,85.2
28,3,Caleb Serong,22,Fremantle,297,13.5,352,16,649,29.5,63,2.9,0,0,109,5,31,12,10,0.5,9,69,2284,103.8
29,16,Oliver Wines,25,Port Adelaide,251,10,338,13.5,589,23.6,103,4.1,9,0.4,119,4.8,24,13,7,0.3,10,52,2260,90.4
30,9,Max Holmes,24,Geelong,356,14.8,220,9.2,576,24,136,5.7,0,0,72,3,17,14,12,0.5,5,77,2256,94
31,12,Jordan Dawson,21,Adelaide,353,16.8,171,8.1,524,25,105,5,0,0,132,6.3,21,25,10,0.5,6,66,2256,107.4
32,11,Max Gawn,20,Melbourne,226,11.3,152,7.6,378,18.9,106,5.3,682,34.1,50,2.5,47,24,10,0.5,8,68,2225,111.3
33,32,Kieren Briggs,24,GWS Giants,195,8.1,166,6.9,361,15,48,2,762,31.8,114,4.8,30,41,3,0.1,12,30,2216,92.3
34,14,Darcy Cameron,23,Collingwood,230,10,129,5.6,359,15.6,106,4.6,673,29.3,65,2.8,44,33,11,0.5,2,68,2212,96.2
35,13,Luke Ryan,22,Fremantle,442,20.1,88,4,530,24.1,180,8.2,0,0,45,2,14,10,0,0,1,1,2207,100.3
36,9,Luke Davies-Uniacke,23,North Melbourne,316,13.7,322,14,638,27.7,85,3.7,0,0,89,3.9,25,31,11,0.5,4,70,2205,95.9
37,1,Connor Rozee,23,Port Adelaide,335,14.6,208,9,543,23.6,98,4.3,0,0,102,4.4,27,18,15,0.7,16,106,2202,95.7
38,3,Joe Daniher,27,Brisbane Lions,328,12.1,93,3.4,421,15.6,173,6.4,58,2.1,31,1.1,27,32,58,2.1,51,399,2201,81.5
39,31,Bailey Dale,24,Western Bulldogs,420,17.5,176,7.3,596,24.8,147,6.1,0,0,35,1.5,10,15,5,0.2,7,37,2195,91.5
40,29,Rory Laird,22,Adelaide,258,11.7,347,15.8,605,27.5,79,3.6,0,0,128,5.8,27,25,2,0.1,5,17,2186,99.4
41,7,Josh Daicos,23,Collingwood,327,14.2,246,10.7,573,24.9,120,5.2,0,0,74,3.2,28,9,7,0.3,9,51,2181,94.8
42,28,Willem Drew,26,Port Adelaide,283,10.9,220,8.5,503,19.3,93,3.6,0,0,159,6.1,29,28,4,0.2,7,31,2180,83.8
43,6,Jye Caldwell,23,Essendon,252,11,270,11.7,522,22.7,95,4.1,0,0,149,6.5,32,32,8,0.3,9,57,2170,94.3
44,10,Karl Amon,25,Hawthorn,425,17,127,5.1,552,22.1,143,5.7,0,0,50,2,12,11,4,0.2,2,26,2163,86.5
45,13,Dylan Moore,24,Hawthorn,262,10.9,198,8.3,460,19.2,128,5.3,0,0,96,4,45,13,31,1.3,17,203,2159,90
46,35,Jack Sinclair,21,St Kilda,378,18,195,9.3,573,27.3,113,5.4,0,0,64,3,14,5,6,0.3,4,40,2158,102.8
47,18,Matthew Rowell,23,Gold Coast,244,10.6,294,12.8,538,23.4,32,1.4,0,0,184,8,55,34,8,0.3,3,51,2156,93.7
48,3,Jai Newcombe,24,Hawthorn,249,10.4,344,14.3,593,24.7,95,4,0,0,107,4.5,27,38,11,0.5,4,70,2131,88.8
49,46,Oscar McInerney,25,Brisbane Lions,176,7,143,5.7,319,12.8,48,1.9,809,32.4,79,3.2,43,18,9,0.4,4,58,2130,85.2
50,32,Gryan Miers,24,Geelong,307,12.8,186,7.8,493,20.5,101,4.2,0,0,101,4.2,14,10,21,0.9,12,138,2122,88.4
Totals,,,1191,,16269,13.7,12570,10.6,28839,24.2,5649,4.7,5835,4.9,4910,4.1,1466,1217,629,0.5,447,4221,118405,99.4
51,18,Jason Horne-Francis,24,Port Adelaide,373,15.5,149,6.2,522,21.8,106,4.4,0,0,71,3,45,48,27,1.1,21,183,2103,87.6
52,22,Nick Blakey,26,Sydney,414,15.9,130,5,544,20.9,154,5.9,0,0,31,1.2,17,18,5,0.2,5,35,2086,80.2
53,6,Jordan Clark,22,Fremantle,355,16.1,177,8,532,24.2,141,6.4,0,0,61,2.8,25,16,2,0.1,2,14,2077,94.4
54,5,Dan Houston,22,Port Adelaide,368,16.7,139,6.3,507,23,118,5.4,0,0,77,3.5,20,14,7,0.3,4,46,2068,94
55,7,Nasiah Wanganeen-Milera,21,St Kilda,419,20,122,5.8,541,25.8,140,6.7,0,0,37,1.8,13,11,1,0,6,12,2061,98.1
56,44,Jake Lloyd,26,Sydney,320,12.3,192,7.4,512,19.7,166,6.4,0,0,47,1.8,15,8,6,0.2,3,39,2060,79.2
57,8,James Rowbottom,24,Sydney,236,9.8,220,9.2,456,19,47,2,0,0,186,7.8,39,26,7,0.3,7,49,2043,85.1
58,27,Harrison Himmelberg,25,GWS Giants,331,13.2,189,7.6,520,20.8,157,6.3,0,0,55,2.2,19,18,0,0,2,2,2029,81.2
59,13,Blake Acres,23,Carlton,293,12.7,223,9.7,516,22.4,138,6,0,0,64,2.8,13,23,13,0.6,12,90,2029,88.2
60,26,Hayden Young,22,Fremantle,285,13,237,10.8,522,23.7,73,3.3,0,0,117,5.3,18,29,12,0.5,10,82,2029,92.2
61,18,Sam Walsh,19,Carlton,255,13.4,282,14.8,537,28.3,60,3.2,0,0,128,6.7,17,24,5,0.3,8,38,2004,105.5
62,44,Darcy Wilmot,27,Brisbane Lions,370,13.7,164,6.1,534,19.8,133,4.9,0,0,46,1.7,17,19,0,0,3,3,1984,73.5
63,13,Oliver Florent,26,Sydney,334,12.8,190,7.3,524,20.2,129,5,0,0,51,2,14,19,7,0.3,8,50,1980,76.2
64,25,Toby Nankervis,20,Richmond,150,7.5,169,8.5,319,16,62,3.1,633,31.7,105,5.3,31,35,2,0.1,6,18,1971,98.6
65,23,Jesse Hogan,25,GWS Giants,221,8.8,85,3.4,306,12.2,163,6.5,0,0,34,1.4,25,9,77,3.1,26,488,1944,77.8
66,5,Jeremy Cameron,23,Geelong,267,11.6,109,4.7,376,16.3,140,6.1,1,0,36,1.6,12,24,63,2.7,41,419,1943,84.5
67,1,Andrew McGrath,23,Essendon,311,13.5,214,9.3,525,22.8,108,4.7,0,0,62,2.7,19,7,1,0,0,6,1937,84.2
68,44,Tom Stewart,22,Geelong,342,15.5,135,6.1,477,21.7,133,6,0,0,66,3,19,17,1,0,3,9,1936,88
69,16,Brent Daniels,24,GWS Giants,258,10.8,170,7.1,428,17.8,77,3.2,0,0,112,4.7,20,16,23,1,18,156,1921,80
70,25,Jack Crisp,23,Collingwood,240,10.4,227,9.9,467,20.3,65,2.8,0,0,124,5.4,17,21,14,0.6,8,92,1911,83.1
71,7,Jack Viney,22,Melbourne,247,11.2,212,9.6,459,20.9,57,2.6,0,0,136,6.2,30,20,9,0.4,4,58,1908,86.7
72,14,Miles Bergman,26,Port Adelaide,280,10.8,128,4.9,408,15.7,169,6.5,0,0,74,2.8,19,15,4,0.2,9,33,1906,73.3
73,17,Lloyd Meek,21,Hawthorn,120,5.7,185,8.8,305,14.5,50,2.4,759,36.1,72,3.4,33,37,8,0.4,6,54,1903,90.6
74,16,Massimo D'Ambrosio,24,Hawthorn,299,12.5,208,8.7,507,21.1,120,5,0,0,49,2,15,12,7,0.3,7,49,1897,79
75,5,James Worpel,24,Hawthorn,272,11.3,256,10.7,528,22,51,2.1,0,0,105,4.4,15,31,6,0.3,11,47,1870,77.9
76,31,Connor Macdonald,24,Hawthorn,241,10,180,7.5,421,17.5,128,5.3,0,0,66,2.8,11,19,27,1.1,17,179,1864,77.7
77,14,Liam Duggan,21,West Coast,347,16.5,105,5,452,21.5,139,6.6,0,0,56,2.7,13,19,2,0.1,3,15,1863,88.7
78,39,Zach Guthrie,24,Geelong,323,13.5,115,4.8,438,18.3,146,6.1,0,0,56,2.3,14,13,3,0.1,2,20,1856,77.3
79,29,George Hewett,22,Carlton,235,10.7,279,12.7,514,23.4,61,2.8,0,0,101,4.6,25,22,7,0.3,1,43,1852,84.2
80,17,Daniel Rioli,22,Richmond,281,12.8,235,10.7,516,23.5,88,4,0,0,65,3,11,11,6,0.3,1,37,1852,84.2
81,6,James Sicily,21,Hawthorn,320,15.2,132,6.3,452,21.5,158,7.5,0,0,28,1.3,31,19,9,0.4,7,61,1845,87.9
82,8,Bailey Scott,23,North Melbourne,313,13.6,154,6.7,467,20.3,115,5,0,0,58,2.5,10,9,5,0.2,3,33,1840,80
83,4,Jarman Impey,24,Hawthorn,305,12.7,146,6.1,451,18.8,134,5.6,0,0,58,2.4,21,14,2,0.1,4,16,1836,76.5
84,16,Cameron Rayner,27,Brisbane Lions,229,8.5,185,6.9,414,15.3,94,3.5,0,0,84,3.1,21,24,31,1.1,21,207,1831,67.8
85,17,Finn Callaghan,24,GWS Giants,224,9.3,326,13.6,550,22.9,66,2.8,0,0,86,3.6,18,24,2,0.1,7,19,1831,76.3
86,22,Sam Durham,22,Essendon,235,10.7,235,10.7,470,21.4,88,4,0,0,97,4.4,23,30,10,0.5,5,65,1825,83
87,43,Reilly O'Brien,20,Adelaide,129,6.5,104,5.2,233,11.7,47,2.4,863,43.2,69,3.5,16,28,2,0.1,3,15,1822,91.1
88,39,Connor Idun,25,GWS Giants,226,9,252,10.1,478,19.1,170,6.8,0,0,36,1.4,6,9,0,0,1,1,1816,72.6
89,34,Bailey Williams,24,Western Bulldogs,252,10.5,205,8.5,457,19,137,5.7,0,0,51,2.1,11,11,9,0.4,3,57,1816,75.7
90,24,Trent Rivers,22,Melbourne,293,13.3,173,7.9,466,21.2,120,5.5,0,0,59,2.7,13,11,2,0.1,2,14,1815,82.5
91,24,Tom Powell,23,North Melbourne,220,9.6,242,10.5,462,20.1,85,3.7,0,0,96,4.2,7,13,9,0.4,2,56,1807,78.6
92,11,Conor Nash,24,Hawthorn,206,8.6,250,10.4,456,19,59,2.5,32,1.3,133,5.5,25,33,0,0,4,4,1789,74.5
93,20,Ed Richards,21,Western Bulldogs,274,13,175,8.3,449,21.4,97,4.6,0,0,77,3.7,14,27,11,0.5,12,78,1782,84.9
94,7,Jase Burgoyne,23,Port Adelaide,252,11,165,7.2,417,18.1,114,5,0,0,82,3.6,19,11,5,0.2,9,39,1781,77.4
95,35,Ryan Lester,27,Brisbane Lions,289,10.7,99,3.7,388,14.4,175,6.5,0,0,48,1.8,18,10,0,0,1,1,1771,65.6
96,27,Mason Redman,21,Essendon,339,16.1,104,5,443,21.1,127,6,0,0,35,1.7,17,6,2,0.1,4,16,1761,83.9
97,1,Nick Vlastuin,21,Richmond,315,15,114,5.4,429,20.4,149,7.1,0,0,49,2.3,29,29,0,0,0,0,1758,83.7
98,30,Alex Neal-Bullen,22,Melbourne,217,9.9,201,9.1,418,19,72,3.3,0,0,112,5.1,22,18,9,0.4,6,60,1745,79.3
99,4,Toby Greene,24,GWS Giants,257,10.7,109,4.5,366,15.3,101,4.2,0,0,58,2.4,25,40,44,1.8,33,297,1726,71.9
100,6,Kane Farrell,22,Port Adelaide,322,14.6,102,4.6,424,19.3,109,5,0,0,56,2.5,13,17,6,0.3,5,41,1724,78.4
Totals,,,1157,,14004,12.1,8899,7.7,22903,19.8,5536,4.8,2288,2,3662,3.2,960,984,510,0.4,386,3446,94808,81.9
101,34,Matt Roberts,23,Sydney,297,12.9,125,5.4,422,18.3,130,5.7,0,0,51,2.2,6,11,2,0.1,2,14,1722,74.9
102,6,Elliot Yeo,19,West Coast,232,12.2,191,10.1,423,22.3,38,2,0,0,122,6.4,32,22,11,0.6,8,74,1720,90.5
103,11,Tim Kelly,20,West Coast,240,12,238,11.9,478,23.9,55,2.8,0,0,97,4.9,20,28,4,0.2,9,33,1718,85.9
104,9,Luke Jackson,22,Fremantle,122,5.5,237,10.8,359,16.3,55,2.5,364,16.5,70,3.2,24,29,18,0.8,14,122,1708,77.6
105,2,Ben Keays,22,Adelaide,218,9.9,144,6.5,362,16.5,82,3.7,0,0,81,3.7,22,17,34,1.5,19,223,1706,77.5
106,20,Mitchell Hinge,21,Adelaide,298,14.2,156,7.4,454,21.6,98,4.7,0,0,54,2.6,14,13,2,0.1,3,15,1706,81.2
107,28,Oliver Dempsey,24,Geelong,218,9.1,191,8,409,17,104,4.3,0,0,59,2.5,16,8,19,0.8,13,127,1703,71
108,10,Travis Boak,23,Port Adelaide,248,10.8,171,7.4,419,18.2,115,5,0,0,67,2.9,9,18,5,0.2,17,47,1701,74
109,15,Jayden Short,21,Richmond,369,17.6,91,4.3,460,21.9,106,5,0,0,25,1.2,8,9,1,0,4,10,1698,80.9
110,7,Matthew Kennedy,23,Carlton,233,10.1,170,7.4,403,17.5,101,4.4,12,0.5,72,3.1,21,23,15,0.7,10,100,1694,73.7
111,14,Jake Soligo,22,Adelaide,240,10.9,237,10.8,477,21.7,58,2.6,0,0,82,3.7,33,29,6,0.3,9,45,1687,76.7
112,9,Will Hayward,26,Sydney,201,7.7,115,4.4,316,12.2,115,4.4,0,0,66,2.5,24,14,41,1.6,16,262,1686,64.8
113,33,Jack Ginnivan,23,Hawthorn,235,10.2,145,6.3,380,16.5,89,3.9,0,0,63,2.7,25,19,28,1.2,25,193,1675,72.8
114,11,Touk Miller,18,Gold Coast,217,12.1,257,14.3,474,26.3,58,3.2,0,0,87,4.8,23,22,4,0.2,7,31,1675,93.1
115,15,Ed Langdon,21,Melbourne,233,11.1,197,9.4,430,20.5,110,5.2,0,0,51,2.4,13,14,9,0.4,9,63,1661,79.1
116,15,Blake Hardwick,25,Hawthorn,250,10,124,5,374,15,118,4.7,0,0,63,2.5,17,17,13,0.5,5,83,1653,66.1
117,1,Kai Lohmann,27,Brisbane Lions,198,7.3,114,4.2,312,11.6,105,3.9,0,0,80,3,17,22,36,1.3,28,244,1652,61.2
118,29,Lachlan Bramble,24,Western Bulldogs,296,12.3,149,6.2,445,18.5,115,4.8,0,0,34,1.4,10,14,2,0.1,3,15,1650,68.8
119,20,Elijah Hollands,22,Carlton,250,11.4,141,6.4,391,17.8,100,4.5,0,0,58,2.6,13,16,17,0.8,10,112,1641,74.6
120,2,Hayden McLean,26,Sydney,179,6.9,107,4.1,286,11,116,4.5,179,6.9,59,2.3,23,27,27,1,19,181,1637,63
121,46,Mark Blicavs,24,Geelong,162,6.8,179,7.5,341,14.2,77,3.2,230,9.6,86,3.6,14,22,5,0.2,7,37,1634,68.1
122,15,Jamie Cripps,23,West Coast,194,8.4,135,5.9,329,14.3,104,4.5,0,0,76,3.3,10,11,27,1.2,27,189,1634,71
123,4,Brayden Maynard,23,Collingwood,301,13.1,91,4,392,17,124,5.4,0,0,54,2.3,20,26,3,0.1,1,19,1634,71
124,31,Harris Andrews,26,Brisbane Lions,250,9.6,99,3.8,349,13.4,195,7.5,0,0,36,1.4,21,23,0,0,0,0,1629,62.7
125,4,Kyle Langford,23,Essendon,193,8.4,96,4.2,289,12.6,119,5.2,4,0.2,59,2.6,18,16,43,1.9,27,285,1623,70.6
126,28,Jaspa Fletcher,27,Brisbane Lions,219,8.1,174,6.4,393,14.6,133,4.9,0,0,52,1.9,10,13,5,0.2,8,38,1621,60
127,23,Charlie Cameron,27,Brisbane Lions,230,8.5,58,2.1,288,10.7,109,4,0,0,58,2.1,18,19,44,1.6,30,294,1620,60
128,14,Jack Scrimshaw,23,Hawthorn,274,11.9,146,6.3,420,18.3,138,6,0,0,37,1.6,10,23,0,0,0,0,1617,70.3
129,29,Shai Bolton,22,Richmond,218,9.9,151,6.9,369,16.8,83,3.8,0,0,57,2.6,14,20,34,1.5,26,230,1617,73.5
130,26,Josh Battle,22,St Kilda,242,11,146,6.6,388,17.6,167,7.6,1,0,29,1.3,12,17,3,0.1,2,20,1617,73.5
131,44,Callum Wilkie,22,St Kilda,257,11.7,127,5.8,384,17.5,168,7.6,0,0,29,1.3,13,15,0,0,0,0,1613,73.3
132,22,Steele Sidebottom,22,Collingwood,270,12.3,133,6,403,18.3,90,4.1,0,0,69,3.1,15,21,4,0.2,8,32,1606,73
133,14,Jeremy Sharp,22,Fremantle,271,12.3,125,5.7,396,18,125,5.7,0,0,24,1.1,10,6,10,0.5,14,74,1600,72.7
134,38,Lachlan Sholl,19,Adelaide,275,14.5,129,6.8,404,21.3,100,5.3,0,0,42,2.2,6,11,11,0.6,6,72,1596,84
135,10,Sam Darcy,21,Western Bulldogs,163,7.8,100,4.8,263,12.5,102,4.9,145,6.9,60,2.9,25,24,38,1.8,23,251,1584,75.4
136,10,Scott Pendlebury,20,Collingwood,220,11,194,9.7,414,20.7,62,3.1,0,0,79,4,20,11,7,0.4,4,46,1583,79.2
137,22,Joshua Kelly,17,GWS Giants,221,13,192,11.3,413,24.3,71,4.2,0,0,62,3.6,6,11,16,0.9,6,102,1583,93.1
138,10,Harry McKay,20,Carlton,193,9.7,62,3.1,255,12.8,133,6.7,30,1.5,47,2.4,26,22,47,2.4,19,301,1581,79.1
139,1,Patrick Lipinski,23,Collingwood,185,8,218,9.5,403,17.5,74,3.2,0,0,71,3.1,11,15,18,0.8,9,117,1580,68.7
140,4,Callum Ah Chee,26,Brisbane Lions,228,8.8,120,4.6,348,13.4,122,4.7,0,0,40,1.5,11,20,27,1,14,176,1577,60.7
141,17,James Jordon,26,Sydney,179,6.9,203,7.8,382,14.7,85,3.3,0,0,85,3.3,13,13,9,0.3,10,64,1576,60.6
142,12,Jack Bowes,21,Geelong,234,11.1,141,6.7,375,17.9,65,3.1,0,0,96,4.6,13,24,11,0.5,6,72,1576,75
143,13,Darcy Tucker,23,North Melbourne,253,11,148,6.4,401,17.4,102,4.4,0,0,57,2.5,12,16,3,0.1,1,19,1572,68.3
144,8,Bradley Hill,21,St Kilda,262,12.5,147,7,409,19.5,113,5.4,0,0,33,1.6,5,13,7,0.3,5,47,1564,74.5
145,21,Tom Liberatore,18,Western Bulldogs,190,10.6,238,13.2,428,23.8,50,2.8,0,0,100,5.6,23,29,4,0.2,8,32,1564,86.9
146,30,Charlie Curnow,21,Carlton,214,10.2,40,1.9,254,12.1,125,6,0,0,20,1,30,13,57,2.7,41,383,1551,73.9
147,12,Tom De Koning,18,Carlton,154,8.6,138,7.7,292,16.2,59,3.3,359,19.9,61,3.4,23,18,9,0.5,10,64,1551,86.2
148,30,Tom Atkins,22,Geelong,176,8,201,9.1,377,17.1,34,1.5,0,0,142,6.5,31,28,0,0,3,3,1550,70.5
149,13,Clayton Oliver,20,Melbourne,221,11.1,247,12.4,468,23.4,56,2.8,0,0,77,3.9,20,41,2,0.1,4,16,1546,77.3
150,28,Jarrod Witts,16,Gold Coast,113,7.1,109,6.8,222,13.9,39,2.4,600,37.5,63,3.9,27,21,8,0.5,3,51,1541,96.3
Totals,,,1110,,11336,10.2,7587,6.8,18923,17,4892,4.4,1924,1.7,3142,2.8,857,934,746,0.7,552,5028,81433,73.4
151,36,Harry Perryman,21,GWS Giants,235,11.2,143,6.8,378,18,104,5,0,0,59,2.8,9,9,3,0.1,1,19,1540,73.3
152,21,Aliir Aliir,25,Port Adelaide,271,10.8,86,3.4,357,14.3,161,6.4,0,0,34,1.4,20,29,0,0,0,0,1537,61.5
153,18,Tyson Stengle,24,Geelong,211,8.8,106,4.4,317,13.2,66,2.8,0,0,57,2.4,12,13,45,1.9,17,287,1531,63.8
154,2,Jake Waterman,20,West Coast,191,9.6,61,3.1,252,12.6,137,6.9,3,0.2,22,1.1,11,6,53,2.7,23,341,1531,76.6
155,33,Zac Bailey,22,Brisbane Lions,218,9.9,140,6.4,358,16.3,94,4.3,0,0,52,2.4,13,17,22,1,12,144,1530,69.5
156,22,Mitchell Duncan,21,Geelong,258,12.3,126,6,384,18.3,116,5.5,0,0,39,1.9,6,11,2,0.1,6,18,1521,72.4
157,25,Jake Stringer,23,Essendon,203,8.8,88,3.8,291,12.7,89,3.9,0,0,58,2.5,11,19,42,1.8,25,277,1515,65.9
158,44,Jackson Mead,26,Port Adelaide,202,7.8,163,6.3,365,14,77,3,0,0,77,3,15,13,6,0.2,5,41,1488,57.2
159,9,John Noble,20,Collingwood,235,11.8,143,7.2,378,18.9,93,4.7,0,0,54,2.7,15,7,1,0.1,1,7,1487,74.4
160,16,Zac Fisher,18,North Melbourne,306,17,127,7.1,433,24.1,90,5,0,0,16,0.9,12,12,0,0,2,2,1484,82.4
161,27,Justin McInerney,20,Sydney,204,10.2,174,8.7,378,18.9,107,5.4,1,0.1,46,2.3,21,16,6,0.3,8,44,1483,74.2
162,6,Logan McDonald,26,Sydney,194,7.5,76,2.9,270,10.4,128,4.9,3,0.1,32,1.2,14,10,37,1.4,24,246,1479,56.9
163,28,Thomas Cole,23,West Coast,222,9.7,137,6,359,15.6,98,4.3,0,0,71,3.1,23,24,0,0,2,2,1471,64
164,8,Callan Ward,20,GWS Giants,193,9.7,175,8.8,368,18.4,87,4.4,0,0,54,2.7,17,12,13,0.7,2,80,1467,73.4
165,44,Cameron Zurhaar,22,North Melbourne,187,8.5,123,5.6,310,14.1,89,4,1,0,61,2.8,25,25,29,1.3,18,192,1461,66.4
166,33,Darcy Byrne-Jones,26,Port Adelaide,196,7.5,97,3.7,293,11.3,66,2.5,0,0,77,3,18,12,28,1.1,17,185,1455,56
167,36,Riley Bonner,18,St Kilda,296,16.4,88,4.9,384,21.3,102,5.7,0,0,23,1.3,4,10,1,0.1,6,12,1448,80.4
168,22,Darcy Wilson,22,St Kilda,203,9.2,136,6.2,339,15.4,95,4.3,0,0,45,2,18,7,15,0.7,13,103,1446,65.7
169,7,Lachlan Ash,19,GWS Giants,243,12.8,143,7.5,386,20.3,101,5.3,0,0,33,1.7,7,8,1,0.1,1,7,1440,75.8
170,20,Jeremy McGovern,18,West Coast,273,15.2,98,5.4,371,20.6,107,5.9,2,0.1,25,1.4,17,8,1,0.1,2,8,1439,79.9
171,16,Max Michalanney,22,Adelaide,203,9.2,122,5.5,325,14.8,118,5.4,0,0,64,2.9,15,15,0,0,1,1,1434,65.2
172,14,Tim Taranto,15,Richmond,185,12.3,190,12.7,375,25,53,3.5,0,0,80,5.3,18,15,6,0.4,10,46,1433,95.5
173,4,Oliver Hollands,23,Carlton,203,8.8,119,5.2,322,14,87,3.8,0,0,79,3.4,19,16,5,0.2,4,34,1429,62.1
174,23,Josh Weddle,24,Hawthorn,195,8.1,146,6.1,341,14.2,98,4.1,24,1,44,1.8,18,11,10,0.4,8,68,1424,59.3
175,30,Eric Hipwood,24,Brisbane Lions,193,8,66,2.8,259,10.8,134,5.6,4,0.2,31,1.3,20,20,33,1.4,21,219,1420,59.2
176,35,Josh Treacy,19,Fremantle,144,7.6,79,4.2,223,11.7,111,5.8,63,3.3,43,2.3,16,8,42,2.2,13,265,1415,74.5
177,6,George Wardlaw,18,North Melbourne,203,11.3,141,7.8,344,19.1,60,3.3,0,0,78,4.3,28,17,7,0.4,6,48,1408,78.2
178,24,Jordon Sweet,17,Port Adelaide,71,4.2,97,5.7,168,9.9,35,2.1,598,35.2,85,5,19,30,4,0.2,4,28,1407,82.8
179,37,Kade Chandler,23,Melbourne,166,7.2,120,5.2,286,12.4,72,3.1,0,0,94,4.1,12,18,18,0.8,9,117,1405,61.1
180,11,Tom Papley,21,Sydney,225,10.7,87,4.1,312,14.9,79,3.8,0,0,26,1.2,14,17,36,1.7,30,246,1399,66.6
181,5,Matt Crouch,14,Adelaide,140,10,274,19.6,414,29.6,53,3.8,0,0,72,5.1,21,14,0,0,2,2,1396,99.7
182,32,Bailey J. Williams,22,West Coast,132,6,110,5,242,11,42,1.9,468,21.3,55,2.5,25,29,3,0.1,6,24,1392,63.3
183,44,Jack Buckley,23,GWS Giants,202,8.8,117,5.1,319,13.9,133,5.8,0,0,46,2,19,19,1,0,0,6,1391,60.5
184,8,Josh Rachele,21,Adelaide,197,9.4,103,4.9,300,14.3,77,3.7,0,0,49,2.3,12,18,30,1.4,16,196,1378,65.6
185,12,Jy Simpkin,18,North Melbourne,218,12.1,160,8.9,378,21,56,3.1,0,0,56,3.1,24,30,11,0.6,5,71,1371,76.2
186,21,Dyson Heppell,18,Essendon,195,10.8,188,10.4,383,21.3,102,5.7,0,0,29,1.6,12,10,1,0.1,0,6,1371,76.2
187,1,Steven May,18,Melbourne,282,15.7,47,2.6,329,18.3,127,7.1,0,0,16,0.9,9,10,1,0.1,0,6,1370,76.1
188,32,Mason Wood,17,St Kilda,200,11.8,108,6.4,308,18.1,125,7.4,0,0,29,1.7,6,13,12,0.7,9,81,1355,79.7
189,15,Taylor Duryea,22,Western Bulldogs,194,8.8,124,5.6,318,14.5,111,5,0,0,49,2.2,16,10,0,0,3,3,1348,61.3
190,36,Kysaiah Pickett,20,Melbourne,192,9.6,61,3.1,253,12.7,54,2.7,0,0,74,3.7,13,20,36,1.8,23,239,1348,67.4
191,27,Wil Powell,18,Gold Coast,220,12.2,112,6.2,332,18.4,97,5.4,0,0,42,2.3,14,9,2,0.1,3,15,1345,74.7
192,14,Toby Bedford,23,GWS Giants,103,4.5,165,7.2,268,11.7,41,1.8,0,0,141,6.1,17,23,10,0.4,7,67,1341,58.3
193,15,Jayden Laverde,21,Essendon,194,9.2,139,6.6,333,15.9,127,6,0,0,33,1.6,16,16,0,0,0,0,1341,63.9
194,8,Jake Kolodjashnij,23,Geelong,197,8.6,114,5,311,13.5,115,5,0,0,47,2,12,14,1,0,1,7,1329,57.8
195,2,Jamarra Ugle-Hagan,22,Western Bulldogs,187,8.5,64,2.9,251,11.4,96,4.4,0,0,32,1.5,17,29,43,2,35,293,1328,60.4
196,11,Luke McDonald,22,North Melbourne,211,9.6,98,4.5,309,14,105,4.8,0,0,51,2.3,12,11,0,0,0,0,1327,60.3
197,45,Brad Close,24,Geelong,154,6.4,149,6.2,303,12.6,62,2.6,0,0,56,2.3,19,7,24,1,12,156,1324,55.2
198,25,Tom McDonald,21,Melbourne,220,10.5,83,4,303,14.4,126,6,0,0,37,1.8,13,16,1,0,0,6,1323,63
199,35,Nathan Broad,21,Richmond,208,9.9,97,4.6,305,14.5,136,6.5,0,0,31,1.5,6,15,1,0,2,8,1319,62.8
200,11,Jackson Macrae,19,Western Bulldogs,146,7.7,203,10.7,349,18.4,65,3.4,0,0,63,3.3,13,6,5,0.3,2,32,1318,69.4
Totals,,,1047,,10121,9.7,6113,5.8,16234,15.5,4704,4.5,1167,1.1,2567,2.5,763,754,648,0.6,417,4305,70942,67.8
201,10,Colby McKercher,16,North Melbourne,255,15.9,126,7.9,381,23.8,70,4.4,0,0,29,1.8,2,10,0,0,2,2,1317,82.3
202,33,Sam Clohesy,20,Gold Coast,204,10.2,119,6,323,16.2,83,4.2,0,0,47,2.4,12,7,6,0.3,1,37,1315,65.8
203,18,Mabior Chol,23,Hawthorn,168,7.3,46,2,214,9.3,85,3.7,39,1.7,62,2.7,24,31,37,1.6,21,243,1312,57
204,23,Jacob Weitering,21,Carlton,228,10.9,66,3.1,294,14,130,6.2,2,0.1,30,1.4,13,11,0,0,0,0,1308,62.3
205,32,Tom Sparrow,20,Melbourne,186,9.3,111,5.6,297,14.9,68,3.4,0,0,76,3.8,10,11,6,0.3,7,43,1308,65.4
206,32,Darcy Fogarty,22,Adelaide,160,7.3,81,3.7,241,11,109,5,0,0,34,1.5,16,22,39,1.8,16,250,1305,59.3
207,17,Brodie Kemp,20,Carlton,187,9.4,93,4.7,280,14,126,6.3,0,0,44,2.2,8,15,6,0.3,4,40,1304,65.2
208,7,Liam Baker,17,Richmond,189,11.1,138,8.1,327,19.2,58,3.4,0,0,63,3.7,16,25,13,0.8,13,91,1301,76.5
209,25,Brandon Zerk-Thatcher,26,Port Adelaide,192,7.4,93,3.6,285,11,136,5.2,0,0,38,1.5,19,14,0,0,0,0,1299,50
210,25,Paul Curtis,23,North Melbourne,157,6.8,103,4.5,260,11.3,82,3.6,0,0,68,3,20,39,30,1.3,21,201,1299,56.5
211,41,Bailey Banfield,21,Fremantle,164,7.8,135,6.4,299,14.2,68,3.2,0,0,52,2.5,18,9,20,1,12,132,1297,61.8
212,32,Bodhi Uwland,21,Gold Coast,210,10,103,4.9,313,14.9,104,5,0,0,38,1.8,13,8,0,0,3,3,1292,61.5
213,23,Ian Hill,23,Collingwood,187,8.1,69,3,256,11.1,81,3.5,0,0,48,2.1,9,20,30,1.3,28,208,1291,56.1
214,7,Reuben Ginbey,22,West Coast,164,7.5,177,8,341,15.5,57,2.6,0,0,75,3.4,12,17,1,0,3,9,1287,58.5
215,4,Judd McVee,22,Melbourne,251,11.4,113,5.1,364,16.5,73,3.3,0,0,22,1,14,7,1,0,2,8,1287,58.5
216,13,Jack Lukosius,21,Gold Coast,199,9.5,66,3.1,265,12.6,103,4.9,23,1.1,25,1.2,12,14,23,1.1,18,156,1287,61.3
217,31,Mac Andrew,20,Gold Coast,199,10,87,4.4,286,14.3,118,5.9,37,1.9,33,1.7,23,30,9,0.5,4,58,1285,64.3
218,19,Brady Hough,22,West Coast,184,8.4,127,5.8,311,14.1,109,5,0,0,40,1.8,10,7,0,0,1,1,1283,58.3
219,3,Taylor Adams,19,Sydney,159,8.4,167,8.8,326,17.2,57,3,0,0,68,3.6,17,16,9,0.5,6,60,1283,67.5
220,38,Jack Henry,24,Geelong,207,8.6,69,2.9,276,11.5,136,5.7,0,0,32,1.3,17,10,0,0,0,0,1282,53.4
221,3,Christian Salem,16,Melbourne,212,13.3,101,6.3,313,19.6,93,5.8,0,0,46,2.9,7,13,1,0.1,2,8,1277,79.8
222,39,Sam Switkowski,19,Fremantle,118,6.2,146,7.7,264,13.9,55,2.9,0,0,98,5.2,23,9,11,0.6,10,76,1275,67.1
223,20,Nick Larkey,23,North Melbourne,145,6.3,74,3.2,219,9.5,99,4.3,34,1.5,23,1,24,16,46,2,14,290,1272,55.3
224,10,Mitch Owens,22,St Kilda,154,7,118,5.4,272,12.4,70,3.2,12,0.5,60,2.7,36,20,20,0.9,13,133,1269,57.7
225,19,Mitchell Georgiades,20,Port Adelaide,142,7.1,75,3.8,217,10.9,107,5.4,0,0,33,1.7,12,24,44,2.2,27,291,1260,63
226,9,Harley Reid,19,West Coast,160,8.4,190,10,350,18.4,42,2.2,0,0,73,3.8,39,42,10,0.5,8,68,1259,66.3
227,7,Harry Cunningham,23,Sydney,184,8,87,3.8,271,11.8,115,5,0,0,55,2.4,5,15,1,0,0,6,1257,54.7
228,48,Mark Keane,20,Adelaide,255,12.8,79,4,334,16.7,105,5.3,0,0,22,1.1,19,30,0,0,1,1,1256,62.8
229,42,Adam Saad,18,Carlton,217,12.1,113,6.3,330,18.3,70,3.9,0,0,40,2.2,11,3,1,0.1,1,7,1256,69.8
230,35,Patrick Dangerfield,16,Geelong,195,12.2,127,7.9,322,20.1,54,3.4,1,0.1,63,3.9,19,24,8,0.5,6,54,1255,78.4
231,2,Jaeger O'Meara,21,Fremantle,166,7.9,145,6.9,311,14.8,70,3.3,0,0,59,2.8,9,15,8,0.4,7,55,1253,59.7
232,14,Rhylee West,21,Western Bulldogs,149,7.1,105,5,254,12.1,61,2.9,0,0,67,3.2,20,14,25,1.2,16,166,1252,59.6
233,32,Ben McKay,23,Essendon,162,7,141,6.1,303,13.2,122,5.3,4,0.2,32,1.4,20,13,0,0,0,0,1247,54.2
234,11,James Aish,19,Fremantle,193,10.2,129,6.8,322,16.9,100,5.3,0,0,28,1.5,8,5,0,0,4,4,1246,65.6
235,5,Jayden Hunt,20,West Coast,213,10.7,112,5.6,325,16.3,72,3.6,0,0,42,2.1,10,11,3,0.2,3,21,1245,62.3
236,8,Lachie Schultz,20,Collingwood,136,6.8,107,5.4,243,12.2,62,3.1,0,0,76,3.8,12,15,24,1.2,21,165,1244,62.2
237,27,Luke Nankervis,19,Adelaide,187,9.8,134,7.1,321,16.9,96,5.1,0,0,35,1.8,13,13,1,0.1,1,7,1238,65.2
238,11,Mitch McGovern,18,Carlton,244,13.6,54,3,298,16.6,85,4.7,0,0,29,1.6,20,5,3,0.2,3,21,1237,68.7
239,29,Jake Kelly,20,Essendon,194,9.7,111,5.6,305,15.3,115,5.8,0,0,26,1.3,7,10,1,0.1,0,6,1236,61.8
240,25,Sam Collins,23,Gold Coast,163,7.1,121,5.3,284,12.3,121,5.3,0,0,36,1.6,19,8,0,0,0,0,1233,53.6
241,7,Nathan Fyfe,21,Fremantle,129,6.1,279,13.3,408,19.4,51,2.4,0,0,46,2.2,13,31,4,0.2,6,30,1232,58.7
242,28,Xavier Duursma,15,Essendon,165,11,113,7.5,278,18.5,96,6.4,0,0,40,2.7,10,2,9,0.6,0,54,1227,81.8
243,38,Jeremy Howe,19,Collingwood,225,11.8,60,3.2,285,15,98,5.2,0,0,30,1.6,12,9,5,0.3,2,32,1226,64.5
244,3,Isaac Quaynor,23,Collingwood,174,7.6,120,5.2,294,12.8,88,3.8,0,0,55,2.4,14,16,2,0.1,0,12,1224,53.2
245,36,Joel Amartey,25,Sydney,139,5.6,54,2.2,193,7.7,79,3.2,9,0.4,49,2,29,21,43,1.7,26,284,1217,48.7
246,20,James Peatling,19,GWS Giants,159,8.4,103,5.4,262,13.8,32,1.7,0,0,96,5.1,36,10,7,0.4,3,45,1214,63.9
247,11,Jade Gresham,22,Essendon,158,7.2,149,6.8,307,14,56,2.5,0,0,47,2.1,10,19,19,0.9,12,126,1207,54.9
248,2,Jacob van Rooyen,21,Melbourne,127,6,88,4.2,215,10.2,81,3.9,89,4.2,38,1.8,20,19,30,1.4,16,196,1200,57.1
249,23,Izak Rankine,15,Adelaide,170,11.3,100,6.7,270,18,48,3.2,0,0,51,3.4,13,19,29,1.9,9,183,1197,79.8
250,33,Aaron Naughton,20,Western Bulldogs,148,7.4,81,4.1,229,11.5,101,5.1,4,0.2,21,1.1,17,16,35,1.8,14,224,1190,59.5
Totals,,,1023,,9033,8.8,5505,5.4,14538,14.2,4297,4.2,254,0.2,2340,2.3,792,790,620,0.6,387,4107,63143,61.7
251,12,Will Day,16,Hawthorn,146,9.1,163,10.2,309,19.3,43,2.7,0,0,74,4.6,16,14,3,0.2,4,22,1185,74.1
252,44,Matthew Johnson,19,Fremantle,152,8,150,7.9,302,15.9,68,3.6,0,0,58,3.1,12,18,3,0.2,10,28,1178,62
253,16,Archie Perkins,18,Essendon,166,9.2,111,6.2,277,15.4,56,3.1,0,0,67,3.7,14,11,5,0.3,7,37,1174,65.2
254,32,Will Hoskin-Elliott,20,Collingwood,194,9.7,56,2.8,250,12.5,90,4.5,0,0,26,1.3,8,6,17,0.9,13,115,1173,58.7
255,34,Ben King,22,Gold Coast,141,6.4,35,1.6,176,8,98,4.5,0,0,13,0.6,24,16,55,2.5,26,356,1171,53.2
256,1,Jack Higgins,19,St Kilda,126,6.6,104,5.5,230,12.1,57,3,0,0,48,2.5,16,10,35,1.8,19,229,1164,61.3
257,10,Charlie Ballard,23,Gold Coast,185,8,94,4.1,279,12.1,111,4.8,0,0,28,1.2,11,16,1,0,0,6,1157,50.3
258,23,Harrison Jones,21,Essendon,145,6.9,83,4,228,10.9,103,4.9,0,0,32,1.5,11,6,18,0.9,11,119,1150,54.8
259,30,Charlie Comben,19,North Melbourne,167,8.8,87,4.6,254,13.4,122,6.4,1,0.1,28,1.5,21,15,3,0.2,1,19,1149,60.5
260,4,Aidan Corr,23,North Melbourne,190,8.3,99,4.3,289,12.6,103,4.5,1,0,32,1.4,14,25,0,0,0,0,1145,49.8
261,6,Alex Sexton,15,Gold Coast,193,12.9,97,6.5,290,19.3,87,5.8,0,0,29,1.9,7,9,2,0.1,3,15,1145,76.3
262,26,Jake Riccardi,19,GWS Giants,133,7,72,3.8,205,10.8,93,4.9,75,3.9,27,1.4,7,15,26,1.4,12,168,1135,59.7
263,8,Will Ashcroft,13,Brisbane Lions,166,12.8,131,10.1,297,22.8,67,5.2,0,0,33,2.5,16,3,3,0.2,8,26,1126,86.6
264,27,Jack Darling,21,West Coast,124,5.9,86,4.1,210,10,68,3.2,23,1.1,61,2.9,20,18,22,1,12,144,1125,53.6
265,28,Tim Membrey,18,St Kilda,144,8,65,3.6,209,11.6,92,5.1,6,0.3,30,1.7,8,10,29,1.6,9,183,1125,62.5
266,37,Jordan Boyd,19,Carlton,203,10.7,59,3.1,262,13.8,77,4.1,0,0,44,2.3,9,13,1,0.1,3,9,1113,58.6
267,30,Darcy Moore,23,Collingwood,169,7.3,121,5.3,290,12.6,94,4.1,1,0,31,1.3,7,18,0,0,0,0,1109,48.2
268,31,Rhyan Mansell,20,Richmond,152,7.6,62,3.1,214,10.7,58,2.9,0,0,63,3.2,15,14,20,1,10,130,1109,55.5
269,46,Ben Miller,20,Richmond,175,8.8,77,3.9,252,12.6,117,5.9,0,0,31,1.6,8,18,0,0,0,0,1108,55.4
270,28,Cam Mackenzie,19,Hawthorn,155,8.2,130,6.8,285,15,49,2.6,0,0,48,2.5,11,9,9,0.5,5,59,1107,58.3
271,9,Ben Ainsworth,17,Gold Coast,173,10.2,92,5.4,265,15.6,83,4.9,0,0,19,1.1,6,11,16,0.9,9,105,1106,65.1
272,44,Matthew Owies,22,Carlton,131,6,65,3,196,8.9,65,3,0,0,50,2.3,12,13,33,1.5,12,210,1101,50
273,3,Darcy Parish,12,Essendon,146,12.2,149,12.4,295,24.6,55,4.6,0,0,52,4.3,4,10,2,0.2,4,16,1099,91.6
274,31,Bayley Fritsch,22,Melbourne,151,6.9,58,2.6,209,9.5,74,3.4,0,0,22,1,13,21,41,1.9,23,269,1098,49.9
275,13,Taylor Walker,17,Adelaide,139,8.2,48,2.8,187,11,98,5.8,16,0.9,24,1.4,7,8,29,1.7,18,192,1094,64.4
276,16,Braeden Campbell,23,Sydney,158,6.9,80,3.5,238,10.3,74,3.2,0,0,54,2.3,10,10,5,0.2,6,36,1088,47.3
277,6,Caleb Windsor,18,Melbourne,160,8.9,106,5.9,266,14.8,55,3.1,0,0,47,2.6,9,7,8,0.4,5,53,1086,60.3
278,23,Laitham Vandermeer,24,Western Bulldogs,138,5.8,99,4.1,237,9.9,83,3.5,0,0,45,1.9,9,12,10,0.4,8,68,1082,45.1
279,36,Oliver Henry,22,Geelong,131,6,71,3.2,202,9.2,68,3.1,0,0,31,1.4,17,13,37,1.7,18,240,1081,49.1
280,4,Tanner Bruhn,16,Geelong,152,9.5,119,7.4,271,16.9,36,2.3,0,0,67,4.2,27,17,4,0.3,4,28,1074,67.1
281,27,Esava Ratugolea,23,Port Adelaide,140,6.1,80,3.5,220,9.6,107,4.7,4,0.2,47,2,21,24,4,0.2,7,31,1073,46.7
282,3,Stephen Coniglio,15,GWS Giants,169,11.3,147,9.8,316,21.1,28,1.9,0,0,50,3.3,16,19,4,0.3,5,29,1073,71.5
283,21,Noah Balta,18,Richmond,168,9.3,48,2.7,216,12,104,5.8,28,1.6,20,1.1,10,11,12,0.7,3,75,1072,59.6
284,6,Zachary Williams,18,Carlton,165,9.2,63,3.5,228,12.7,68,3.8,0,0,42,2.3,9,9,15,0.8,7,97,1072,59.6
285,2,Sam Draper,16,Essendon,122,7.6,57,3.6,179,11.2,49,3.1,306,19.1,31,1.9,20,27,11,0.7,10,76,1072,67
286,5,Christian Petracca,12,Melbourne,137,11.4,141,11.8,278,23.2,51,4.3,0,0,36,3,8,6,13,1.1,12,90,1070,89.2
287,37,Brandon Starcevich,22,Brisbane Lions,184,8.4,55,2.5,239,10.9,90,4.1,0,0,38,1.7,16,14,1,0,1,7,1065,48.4
288,15,William Rioli,20,Port Adelaide,149,7.5,43,2.2,192,9.6,44,2.2,0,0,59,3,13,23,33,1.7,20,218,1063,53.2
289,12,Harvey Gallagher,20,Western Bulldogs,163,8.2,84,4.2,247,12.4,54,2.7,0,0,61,3.1,13,26,9,0.5,11,65,1063,53.2
290,23,Alex Witherden,17,West Coast,182,10.7,106,6.2,288,16.9,69,4.1,0,0,32,1.9,10,16,1,0.1,0,6,1061,62.4
291,13,Nikolas Cox,20,Essendon,127,6.4,114,5.7,241,12.1,70,3.5,11,0.6,50,2.5,13,12,8,0.4,3,51,1058,52.9
292,37,Tom Barrass,18,West Coast,169,9.4,72,4,241,13.4,123,6.8,3,0.2,14,0.8,13,12,0,0,0,0,1056,58.7
293,5,Aaron Cadman,23,GWS Giants,112,4.9,60,2.6,172,7.5,54,2.3,20,0.9,67,2.9,12,18,30,1.3,11,191,1055,45.9
294,19,Liam Jones,21,Western Bulldogs,184,8.8,60,2.9,244,11.6,122,5.8,0,0,10,0.5,15,13,0,0,1,1,1055,50.2
295,24,Dane Rampe,21,Sydney,176,8.4,61,2.9,237,11.3,95,4.5,0,0,29,1.4,8,8,2,0.1,0,12,1047,49.9
296,7,Rory Lobb,16,Western Bulldogs,135,8.4,82,5.1,217,13.6,87,5.4,47,2.9,33,2.1,19,6,5,0.3,4,34,1044,65.3
297,2,Jordan de Goey,13,Collingwood,145,11.2,126,9.7,271,20.8,50,3.8,0,0,46,3.5,14,22,10,0.8,9,69,1038,79.8
298,7,Nick Holman,21,Gold Coast,108,5.1,125,6,233,11.1,42,2,0,0,79,3.8,11,22,10,0.5,11,71,1032,49.1
299,3,Ryan Burton,15,Port Adelaide,207,13.8,61,4.1,268,17.9,66,4.4,0,0,23,1.5,8,11,3,0.2,4,22,1030,68.7
300,34,Nick Watson,18,Hawthorn,118,6.6,77,4.3,195,10.8,55,3.1,0,0,45,2.5,27,10,25,1.4,27,177,1027,57.1
Totals,,,947,,7765,8.2,4431,4.7,12196,12.9,3772,4,542,0.6,2026,2.1,645,695,633,0.7,406,4204,54883,58
301,22,Charlie Dixon,18,Port Adelaide,102,5.7,85,4.7,187,10.4,64,3.6,117,6.5,26,1.4,19,16,24,1.3,18,162,1022,56.8
302,28,Harvey Thomas,22,GWS Giants,106,4.8,143,6.5,249,11.3,45,2,0,0,60,2.7,5,8,9,0.4,5,59,1019,46.3
303,14,Jack Billings,16,Melbourne,152,9.5,98,6.1,250,15.6,74,4.6,0,0,29,1.8,10,5,4,0.3,8,32,1017,63.6
304,3,Sam Berry,17,Adelaide,118,6.9,119,7,237,13.9,24,1.4,0,0,86,5.1,27,15,4,0.2,2,26,1016,59.8
305,24,Jye Amiss,21,Fremantle,126,6,42,2,168,8,77,3.7,0,0,27,1.3,27,11,32,1.5,28,220,1015,48.3
306,3,Cody Weightman,17,Western Bulldogs,116,6.8,66,3.9,182,10.7,43,2.5,0,0,60,3.5,23,12,27,1.6,17,179,1015,59.7
307,8,Jake Lever,19,Melbourne,159,8.4,84,4.4,243,12.8,107,5.6,0,0,23,1.2,15,23,1,0.1,0,6,1010,53.2
308,2,Zach Tuohy,17,Geelong,187,11,84,4.9,271,15.9,54,3.2,0,0,20,1.2,7,8,8,0.5,4,52,1006,59.2
309,4,Todd Marshall,19,Port Adelaide,136,7.2,37,1.9,173,9.1,91,4.8,5,0.3,29,1.5,12,10,21,1.1,18,144,1002,52.7
310,16,Sam De Koning,18,Geelong,119,6.6,146,8.1,265,14.7,61,3.4,102,5.7,25,1.4,13,21,3,0.2,0,18,1002,55.7
311,13,Ryan Byrnes,15,St Kilda,160,10.7,84,5.6,244,16.3,69,4.6,0,0,35,2.3,10,4,1,0.1,0,6,999,66.6
312,26,Will Graham,17,Gold Coast,91,5.4,127,7.5,218,12.8,31,1.8,0,0,81,4.8,22,7,8,0.5,3,51,996,58.6
313,35,Harrison Petty,19,Melbourne,104,5.5,71,3.7,175,9.2,94,4.9,37,1.9,54,2.8,15,24,8,0.4,15,63,995,52.4
314,31,Brandon Walker,18,Fremantle,157,8.7,94,5.2,251,13.9,68,3.8,0,0,39,2.2,17,16,1,0.1,0,6,994,55.2
315,22,Jacob Hopper,12,Richmond,132,11,153,12.8,285,23.8,44,3.7,0,0,41,3.4,15,15,3,0.3,4,22,990,82.5
316,30,Tom McCartin,22,Sydney,167,7.6,83,3.8,250,11.4,106,4.8,0,0,12,0.5,13,20,0,0,0,0,986,44.8
317,33,Kamdyn McIntosh,21,Richmond,161,7.7,77,3.7,238,11.3,71,3.4,0,0,34,1.6,7,20,6,0.3,7,43,976,46.5
318,44,Seth Campbell,20,Richmond,144,7.2,84,4.2,228,11.4,56,2.8,0,0,38,1.9,10,9,9,0.5,13,67,970,48.5
319,40,Eddie Ford,18,North Melbourne,117,6.5,89,4.9,206,11.4,74,4.1,0,0,35,1.9,7,11,15,0.8,11,101,966,53.7
320,2,Marcus Windhager,14,St Kilda,122,8.7,130,9.3,252,18,33,2.4,0,0,69,4.9,14,17,0,0,2,2,966,69
321,5,Jamie Elliott,15,Collingwood,125,8.3,72,4.8,197,13.1,59,3.9,0,0,36,2.4,11,10,21,1.4,16,142,963,64.2
322,5,Heath Chapman,15,Fremantle,138,9.2,96,6.4,234,15.6,84,5.6,0,0,29,1.9,6,9,1,0.1,0,6,959,63.9
323,19,Bailey Humphrey,21,Gold Coast,123,5.9,95,4.5,218,10.4,39,1.9,0,0,49,2.3,15,13,14,0.7,19,103,951,45.3
324,22,Ben Long,17,Gold Coast,122,7.2,51,3,173,10.2,62,3.6,0,0,46,2.7,8,23,26,1.5,17,173,950,55.9
325,2,Lachlan Cowan,17,Carlton,139,8.2,72,4.2,211,12.4,66,3.9,0,0,50,2.9,10,10,1,0.1,1,7,946,55.6
326,5,Adam Cerra,13,Carlton,139,10.7,113,8.7,252,19.4,32,2.5,0,0,47,3.6,12,8,4,0.3,3,27,942,72.5
327,3,Dion Prestia,13,Richmond,134,10.3,152,11.7,286,22,41,3.2,0,0,25,1.9,11,7,3,0.2,4,22,941,72.4
328,1,Rhys Stanley,14,Geelong,83,5.9,53,3.8,136,9.7,34,2.4,374,26.7,33,2.4,18,23,4,0.3,2,26,938,67
329,19,Jack Gunston,18,Hawthorn,120,6.7,39,2.2,159,8.8,82,4.6,0,0,21,1.2,6,12,29,1.6,17,191,929,51.6
330,26,Conor McKenna,18,Brisbane Lions,202,11.2,32,1.8,234,13,77,4.3,0,0,10,0.6,4,7,0,0,2,2,926,51.4
331,32,Michael Frederick,19,Fremantle,118,6.2,61,3.2,179,9.4,64,3.4,0,0,30,1.6,6,6,21,1.1,17,143,919,48.4
332,43,Lewis Melican,24,Sydney,143,6,61,2.5,204,8.5,78,3.3,0,0,35,1.5,13,9,1,0,0,6,917,38.2
333,43,Noah Answerth,16,Brisbane Lions,122,7.6,74,4.6,196,12.3,54,3.4,0,0,65,4.1,5,8,0,0,0,0,917,57.3
334,34,Lachie Jones,21,Port Adelaide,121,5.8,103,4.9,224,10.7,68,3.2,0,0,39,1.9,14,9,0,0,0,0,916,43.6
335,15,Sam Taylor,18,GWS Giants,105,5.8,113,6.3,218,12.1,85,4.7,0,0,34,1.9,17,13,0,0,0,0,910,50.6
336,13,Hugo Ralphsmith,17,Richmond,131,7.7,101,5.9,232,13.6,66,3.9,0,0,26,1.5,6,12,6,0.4,5,41,908,53.4
337,7,Shaun Mannagh,12,Geelong,142,11.8,53,4.4,195,16.3,24,2,0,0,54,4.5,10,8,15,1.3,12,102,908,75.7
338,8,Sam Frost,24,Hawthorn,124,5.2,96,4,220,9.2,80,3.3,2,0.1,38,1.6,10,21,0,0,0,0,905,37.7
339,43,Cooper Sharman,18,St Kilda,117,6.5,56,3.1,173,9.6,69,3.8,5,0.3,33,1.8,10,11,18,1,12,120,904,50.2
340,31,Beau McCreery,17,Collingwood,107,6.3,66,3.9,173,10.2,28,1.6,0,0,84,4.9,16,19,10,0.6,10,70,902,53.1
341,20,Peter Wright,14,Essendon,91,6.5,67,4.8,158,11.3,60,4.3,119,8.5,19,1.4,11,4,19,1.4,7,121,902,64.4
342,9,Ryley Sanders,14,Western Bulldogs,90,6.4,141,10.1,231,16.5,33,2.4,0,0,65,4.6,3,7,0,0,2,2,895,63.9
343,33,Brodie Smith,14,Adelaide,157,11.2,88,6.3,245,17.5,47,3.4,0,0,30,2.1,11,9,0,0,2,2,894,63.9
344,42,Robbie Fox,18,Sydney,116,6.4,87,4.8,203,11.3,65,3.6,0,0,40,2.2,11,9,5,0.3,2,32,893,49.6
345,24,Josh Worrell,13,Adelaide,155,11.9,78,6,233,17.9,67,5.2,0,0,19,1.5,16,7,0,0,0,0,893,68.7
346,33,Xavier O'Halloran,19,GWS Giants,129,6.8,83,4.4,212,11.2,41,2.2,0,0,51,2.7,8,19,8,0.4,7,55,886,46.6
347,8,Brayden Fiorini,12,Gold Coast,125,10.4,103,8.6,228,19,59,4.9,0,0,22,1.8,6,2,6,0.5,4,40,886,73.8
348,40,Jack Payne,18,Brisbane Lions,143,7.9,39,2.2,182,10.1,101,5.6,2,0.1,24,1.3,7,11,0,0,0,0,882,49
349,27,Marc Pittonet,13,Carlton,91,7,82,6.3,173,13.3,19,1.5,328,25.2,21,1.6,19,26,5,0.4,3,33,880,67.7
350,1,Chayce Jones,15,Adelaide,133,8.9,81,5.4,214,14.3,41,2.7,0,0,43,2.9,11,8,5,0.3,4,34,877,58.5
Totals,,,857,,6461,7.5,4304,5,10765,12.6,3011,3.5,1091,1.3,1941,2.3,599,612,406,0.5,323,2759,47401,55.3
351,17,Jake Bowey,14,Melbourne,160,11.4,64,4.6,224,16,65,4.6,0,0,20,1.4,5,5,0,0,2,2,875,62.5
352,1,Liam Ryan,15,West Coast,135,9,54,3.6,189,12.6,64,4.3,0,0,26,1.7,11,7,10,0.7,9,69,868,57.9
353,43,Logan Evans,13,Port Adelaide,160,12.3,44,3.4,204,15.7,71,5.5,0,0,21,1.6,8,8,2,0.2,2,14,863,66.4
354,29,Jimmy Webster,14,St Kilda,125,8.9,68,4.9,193,13.8,69,4.9,0,0,36,2.6,13,5,0,0,0,0,860,61.4
355,4,Sean Darcy,12,Fremantle,56,4.7,79,6.6,135,11.3,18,1.5,353,29.4,32,2.7,18,19,5,0.4,2,32,854,71.2
356,35,Caleb Daniel,16,Western Bulldogs,125,7.8,99,6.2,224,14,45,2.8,0,0,31,1.9,7,3,2,0.1,4,16,846,52.9
357,30,Tom Brown,17,Richmond,141,8.3,71,4.2,212,12.5,65,3.8,0,0,16,0.9,5,6,4,0.2,5,29,840,49.4
358,17,Todd Goldstein,14,Essendon,44,3.1,99,7.1,143,10.2,25,1.8,344,24.6,26,1.9,26,18,2,0.1,1,13,838,59.9
359,16,Thomas Berry,17,Gold Coast,107,6.3,89,5.2,196,11.5,43,2.5,0,0,47,2.8,19,7,3,0.2,5,23,837,49.2
360,22,Blake Howes,16,Melbourne,119,7.4,84,5.3,203,12.7,72,4.5,0,0,26,1.6,12,7,0,0,1,1,837,52.3
361,6,Sebastian Ross,12,St Kilda,120,10,89,7.4,209,17.4,37,3.1,0,0,47,3.9,2,7,2,0.2,3,15,833,69.4
362,25,Mattaes Phillipou,13,St Kilda,107,8.2,80,6.2,187,14.4,38,2.9,0,0,48,3.7,9,7,8,0.6,8,56,831,63.9
363,24,David Swallow,20,Gold Coast,107,5.4,95,4.8,202,10.1,50,2.5,0,0,34,1.7,6,11,9,0.5,2,56,826,41.3
364,27,Thomson Dow,16,Richmond,84,5.3,167,10.4,251,15.7,36,2.3,0,0,34,2.1,12,6,0,0,2,2,826,51.6
365,4,Lachlan Murphy,16,Adelaide,91,5.7,92,5.8,183,11.4,43,2.7,0,0,51,3.2,20,9,6,0.4,6,42,825,51.6
366,14,Liam Shiels,17,North Melbourne,112,6.6,91,5.4,203,11.9,42,2.5,0,0,46,2.7,12,16,4,0.2,5,29,821,48.3
367,34,Jack Graham,13,Richmond,96,7.4,129,9.9,225,17.3,28,2.2,0,0,52,4,5,12,2,0.2,2,14,821,63.2
368,13,Logan Morris,19,Brisbane Lions,113,5.9,42,2.2,155,8.2,66,3.5,0,0,12,0.6,12,9,24,1.3,15,159,813,42.8
369,14,Liam Stocker,16,St Kilda,108,6.8,85,5.3,193,12.1,67,4.2,0,0,36,2.3,9,13,0,0,2,2,811,50.7
370,27,Joel Freijah,13,Western Bulldogs,122,9.4,84,6.5,206,15.8,70,5.4,0,0,17,1.3,6,6,1,0.1,2,8,808,62.2
371,46,Mason Cox,16,Collingwood,69,4.3,51,3.2,120,7.5,46,2.9,237,14.8,30,1.9,27,22,6,0.4,6,42,807,50.4
372,34,Jack Williams,17,West Coast,76,4.5,71,4.2,147,8.6,41,2.4,81,4.8,40,2.4,13,14,16,0.9,3,99,804,47.3
373,14,Jordan Ridley,9,Essendon,144,16,51,5.7,195,21.7,73,8.1,0,0,10,1.1,3,2,1,0.1,0,6,796,88.4
374,17,Lawson Humphries,11,Geelong,137,12.5,50,4.5,187,17,65,5.9,0,0,19,1.7,8,1,1,0.1,1,7,794,72.2
375,33,Shannon Neale,14,Geelong,79,5.6,45,3.2,124,8.9,54,3.9,52,3.7,31,2.2,11,13,21,1.5,11,137,774,55.3
376,2,Darcy Jones,14,GWS Giants,95,6.8,84,6,179,12.8,24,1.7,0,0,45,3.2,5,7,12,0.9,6,78,767,54.8
377,4,Dustin Martin,12,Richmond,119,9.9,92,7.7,211,17.6,48,4,1,0.1,14,1.2,1,11,8,0.7,8,56,766,63.8
378,35,Calsher Dear,17,Hawthorn,67,3.9,52,3.1,119,7,46,2.7,1,0.1,42,2.5,13,7,25,1.5,11,161,765,45
379,15,Dylan Stephens,16,North Melbourne,134,8.4,70,4.4,204,12.8,43,2.7,0,0,23,1.4,14,5,0,0,1,1,763,47.7
380,8,Lachie Fogarty,15,Carlton,94,6.3,81,5.4,175,11.7,27,1.8,0,0,45,3,10,4,9,0.6,4,58,761,50.7
381,21,Jack Petruccelle,15,West Coast,105,7,58,3.9,163,10.9,49,3.3,0,0,34,2.3,12,16,11,0.7,10,76,754,50.3
382,39,Jason Johannisen,9,Western Bulldogs,142,15.8,53,5.9,195,21.7,60,6.7,0,0,11,1.2,3,2,0,0,1,1,754,83.8
383,41,Ryan Maric,18,West Coast,103,5.7,75,4.2,178,9.9,57,3.2,0,0,23,1.3,7,9,7,0.4,4,46,748,41.6
384,3,Zak Jones,13,St Kilda,102,7.8,105,8.1,207,15.9,42,3.2,0,0,33,2.5,11,17,2,0.2,0,12,746,57.4
385,24,Buku Khamis,17,Western Bulldogs,107,6.3,60,3.5,167,9.8,78,4.6,2,0.1,19,1.1,10,9,1,0.1,1,7,743,43.7
386,35,Matt Guelfi,13,Essendon,75,5.8,80,6.2,155,11.9,32,2.5,0,0,46,3.5,13,13,15,1.2,10,100,739,56.8
387,19,Nick Hind,15,Essendon,130,8.7,44,2.9,174,11.6,37,2.5,0,0,29,1.9,9,6,6,0.4,4,40,736,49.1
388,1,Harry Morrison,12,Hawthorn,122,10.2,61,5.1,183,15.3,51,4.3,0,0,23,1.9,6,6,2,0.2,1,13,734,61.2
389,18,Campbell Chesser,18,West Coast,107,5.9,87,4.8,194,10.8,34,1.9,0,0,30,1.7,6,8,5,0.3,4,34,733,40.7
390,11,Hunter Clark,10,St Kilda,124,12.4,71,7.1,195,19.5,29,2.9,0,0,34,3.4,6,10,1,0.1,2,8,721,72.1
391,37,Joshua Draper,19,Fremantle,99,5.2,84,4.4,183,9.6,75,3.9,0,0,17,0.9,6,16,0,0,0,0,716,37.7
392,25,Josh Ward,12,Hawthorn,96,8,83,6.9,179,14.9,49,4.1,0,0,28,2.3,2,3,1,0.1,3,9,715,59.6
393,13,Jhye Clark,15,Geelong,105,7,78,5.2,183,12.2,26,1.7,0,0,43,2.9,8,11,2,0.1,1,13,709,47.3
394,40,Joel Jeffrey,12,Gold Coast,132,11,67,5.6,199,16.6,44,3.7,0,0,14,1.2,1,7,1,0.1,2,8,706,58.8
395,16,Dan Butler,15,St Kilda,79,5.3,50,3.3,129,8.6,36,2.4,0,0,54,3.6,15,18,13,0.9,4,82,704,46.9
396,20,Dougal Howard,14,St Kilda,110,7.9,49,3.5,159,11.4,92,6.6,0,0,9,0.6,8,15,0,0,0,0,703,50.2
397,22,Luke Breust,19,Hawthorn,89,4.7,53,2.8,142,7.5,40,2.1,0,0,25,1.3,13,13,21,1.1,8,134,701,36.9
398,46,Matthew Cottrell,14,Carlton,100,7.1,52,3.7,152,10.9,45,3.2,0,0,27,1.9,7,5,9,0.6,5,59,698,49.9
399,9,Dylan Shiel,9,Essendon,94,10.4,95,10.6,189,21,34,3.8,0,0,31,3.4,3,6,2,0.2,0,12,695,77.2
400,38,Riley Garcia,12,Western Bulldogs,89,7.4,98,8.2,187,15.6,17,1.4,0,0,44,3.7,10,15,5,0.4,7,37,692,57.7
Totals,,,725,,5356,7.4,3755,5.2,9111,12.6,2408,3.3,1071,1.5,1531,2.1,478,472,287,0.4,196,1918,38977,53.8
401,34,Corey Wagner,11,Fremantle,124,11.3,58,5.3,182,16.5,42,3.8,0,0,20,1.8,8,4,0,0,0,0,690,62.7
402,32,Finn Maginness,13,Hawthorn,94,7.2,88,6.8,182,14,37,2.8,0,0,23,1.8,1,5,6,0.5,6,42,689,53
403,25,Alex Pearce,14,Fremantle,90,6.4,72,5.1,162,11.6,63,4.5,0,0,23,1.6,16,11,1,0.1,0,6,684,48.9
404,11,Jeremy Finlayson,12,Port Adelaide,102,8.5,45,3.8,147,12.3,41,3.4,36,3,18,1.5,5,13,12,1,17,89,682,56.8
405,2,Jaidyn Stephenson,12,North Melbourne,106,8.8,46,3.8,152,12.7,51,4.3,0,0,20,1.7,5,8,8,0.7,0,48,672,56
406,39,Alex Cincotta,16,Carlton,70,4.4,88,5.5,158,9.9,26,1.6,0,0,44,2.8,6,8,8,0.5,1,49,671,41.9
407,17,Billy Frampton,18,Collingwood,107,5.9,53,2.9,160,8.9,60,3.3,15,0.8,21,1.2,11,19,1,0.1,4,10,670,37.2
408,50,Marlion Pickett,12,Richmond,85,7.1,87,7.3,172,14.3,44,3.7,1,0.1,34,2.8,6,22,4,0.3,8,32,670,55.8
409,10,Michael Walters,16,Fremantle,78,4.9,55,3.4,133,8.3,35,2.2,0,0,31,1.9,11,5,14,0.9,12,96,665,41.6
410,42,Mark O'Connor,12,Geelong,77,6.4,63,5.3,140,11.7,47,3.9,0,0,38,3.2,8,4,2,0.2,3,15,661,55.1
411,20,Jacob Koschitzke,14,Richmond,65,4.6,63,4.5,128,9.1,45,3.2,59,4.2,17,1.2,14,5,12,0.9,6,78,660,47.1
412,31,Francis Evans,17,Port Adelaide,86,5.1,44,2.6,130,7.6,35,2.1,0,0,41,2.4,11,10,9,0.5,7,61,657,38.6
413,34,Jackson Archer,15,North Melbourne,82,5.5,66,4.4,148,9.9,50,3.3,0,0,38,2.5,19,14,0,0,0,0,657,43.8
414,41,Sam Banks,15,Richmond,111,7.4,69,4.6,180,12,35,2.3,0,0,22,1.5,7,8,1,0.1,2,8,655,43.7
415,18,James O'Donnell,14,Western Bulldogs,115,8.2,42,3,157,11.2,62,4.4,0,0,14,1,5,12,2,0.1,1,13,653,46.6
416,29,Will Phillips,11,North Melbourne,58,5.3,96,8.7,154,14,22,2,0,0,55,5,10,7,2,0.2,0,12,653,59.4
417,47,Anthony Caminiti,14,St Kilda,62,4.4,61,4.4,123,8.8,47,3.4,22,1.6,28,2,8,11,14,1,10,94,652,46.6
418,41,Brody Mihocek,11,Collingwood,78,7.1,36,3.3,114,10.4,41,3.7,2,0.2,29,2.6,13,14,19,1.7,13,127,645,58.6
419,3,Brandan Parfitt,9,Geelong,77,8.6,76,8.4,153,17,13,1.4,0,0,57,6.3,4,10,1,0.1,2,8,632,70.2
420,26,Luke Parker,10,Sydney,81,8.1,60,6,141,14.1,32,3.2,0,0,23,2.3,9,7,14,1.4,4,88,627,62.7
421,30,Lachlan McNeil,12,Western Bulldogs,75,6.3,68,5.7,143,11.9,20,1.7,0,0,42,3.5,14,8,6,0.5,11,47,626,52.2
422,23,Liam Henry,11,St Kilda,89,8.1,62,5.6,151,13.7,31,2.8,0,0,29,2.6,6,8,6,0.5,6,42,624,56.7
423,12,Oscar Allen,11,West Coast,78,7.1,27,2.5,105,9.5,52,4.7,0,0,13,1.2,5,5,20,1.8,16,136,622,56.5
424,49,Ned Moyle,8,Gold Coast,51,6.4,57,7.1,108,13.5,21,2.6,227,28.4,23,2.9,11,15,1,0.1,0,6,621,77.6
425,42,Daniel Turner,14,Melbourne,77,5.5,35,2.5,112,8,58,4.1,2,0.1,13,0.9,4,8,17,1.2,6,108,617,44.1
426,15,Sam Wicks,16,Sydney,72,4.5,81,5.1,153,9.6,29,1.8,0,0,32,2,5,17,10,0.6,6,66,613,38.3
427,31,Billy Dowling,9,Adelaide,95,10.6,58,6.4,153,17,48,5.3,0,0,17,1.9,5,10,4,0.4,1,25,613,68.1
428,16,Jack Carroll,15,Carlton,83,5.5,67,4.5,150,10,35,2.3,0,0,22,1.5,4,2,4,0.3,3,27,601,40.1
429,10,Jacob Wehr,11,GWS Giants,94,8.5,59,5.4,153,13.9,38,3.5,0,0,21,1.9,9,4,0,0,2,2,597,54.3
430,41,Jordon Butts,14,Adelaide,79,5.6,63,4.5,142,10.1,60,4.3,0,0,13,0.9,10,5,0,0,0,0,590,42.1
431,40,Tyler Sonsie,13,Richmond,92,7.1,60,4.6,152,11.7,37,2.8,0,0,16,1.2,5,6,4,0.3,5,29,587,45.2
432,22,James Harmes,9,Western Bulldogs,71,7.9,67,7.4,138,15.3,37,4.1,0,0,25,2.8,5,7,7,0.8,2,44,586,65.1
433,15,Brayden Cook,14,Adelaide,79,5.6,54,3.9,133,9.5,32,2.3,0,0,22,1.6,3,2,9,0.6,5,59,585,41.8
434,1,Sam Sturt,12,Fremantle,62,5.2,53,4.4,115,9.6,37,3.1,0,0,18,1.5,6,9,20,1.7,7,127,581,48.4
435,13,Ivan Soldo,8,Port Adelaide,51,6.4,33,4.1,84,10.5,18,2.3,224,28,22,2.8,9,16,5,0.6,4,34,580,72.5
436,8,Ben Hobbs,12,Essendon,77,6.4,73,6.1,150,12.5,25,2.1,0,0,34,2.8,9,11,2,0.2,2,14,578,48.2
437,12,Max King,11,St Kilda,80,7.3,37,3.4,117,10.6,48,4.4,0,0,7,0.6,19,14,17,1.5,12,114,577,52.5
438,38,Bruce Reville,12,Brisbane Lions,95,7.9,34,2.8,129,10.8,42,3.5,0,0,19,1.6,5,4,4,0.3,2,26,574,47.8
439,19,Nick Haynes,8,GWS Giants,100,12.5,37,4.6,137,17.1,55,6.9,0,0,11,1.4,3,5,0,0,1,1,572,71.5
440,31,Toby McMullin,14,GWS Giants,63,4.5,59,4.2,122,8.7,23,1.6,0,0,38,2.7,10,4,6,0.4,2,38,564,40.3
441,15,Paddy Dow,9,St Kilda,64,7.1,76,8.4,140,15.6,24,2.7,0,0,31,3.4,11,3,3,0.3,1,19,561,62.3
442,26,Tom Hawkins,11,Geelong,60,5.5,37,3.4,97,8.8,33,3,50,4.5,17,1.5,2,3,13,1.2,8,86,550,50
443,37,Oleg Markov,12,Collingwood,63,5.3,62,5.2,125,10.4,38,3.2,0,0,32,2.7,3,5,1,0.1,0,6,549,45.8
444,39,Koltyn Tholstrup,10,Melbourne,69,6.9,48,4.8,117,11.7,24,2.4,0,0,36,3.6,6,5,5,0.5,5,35,545,54.5
445,46,Callum M. Brown,13,GWS Giants,58,4.5,42,3.2,100,7.7,35,2.7,2,0.2,22,1.7,4,8,17,1.3,5,107,540,41.5
446,16,Luke Edwards,12,West Coast,72,6,58,4.8,130,10.8,39,3.3,0,0,23,1.9,3,6,2,0.2,1,13,539,44.9
447,47,Jye Menzie,14,Essendon,71,5.1,55,3.9,126,9,38,2.7,0,0,21,1.5,3,3,3,0.2,5,23,538,38.4
448,14,Orazio Fantasia,15,Carlton,68,4.5,59,3.9,127,8.5,29,1.9,0,0,22,1.5,7,10,9,0.6,7,61,535,35.7
449,30,Nate Caddy,10,Essendon,72,7.2,37,3.7,109,10.9,40,4,0,0,14,1.4,9,3,9,0.9,11,65,531,53.1
450,35,Josh Rotham,13,West Coast,88,6.8,19,1.5,107,8.2,60,4.6,0,0,11,0.8,5,7,0,0,0,0,510,39.2
Totals,,,619,,3996,6.5,2845,4.6,6841,11.1,1934,3.1,640,1,1262,2,377,410,334,0.5,232,2236,30551,49.4
451,31,Jamaine Jones,10,West Coast,77,7.7,38,3.8,115,11.5,38,3.8,0,0,25,2.5,7,11,1,0.1,2,8,503,50.3
452,9,Changkuoth Jiath,10,Hawthorn,72,7.2,52,5.2,124,12.4,32,3.2,0,0,20,2,9,9,3,0.3,4,22,500,50
453,32,Toby Pink,15,North Melbourne,57,3.8,47,3.1,104,6.9,38,2.5,9,0.6,17,1.1,11,7,7,0.5,6,48,494,32.9
454,14,Callum Mills,7,Sydney,73,10.4,49,7,122,17.4,38,5.4,0,0,16,2.3,5,6,2,0.3,0,12,494,70.6
455,18,Tom Emmett,13,Fremantle,57,4.4,43,3.3,100,7.7,31,2.4,0,0,29,2.2,10,10,7,0.5,4,46,492,37.8
456,11,Lincoln McCarthy,8,Brisbane Lions,74,9.3,24,3,98,12.3,30,3.8,0,0,21,2.6,6,5,8,1,9,57,492,61.5
457,36,Harvey Harrison,12,Collingwood,48,4,60,5,108,9,19,1.6,0,0,27,2.3,3,3,11,0.9,2,68,491,40.9
458,35,Connor Budarick,8,Gold Coast,80,10,40,5,120,15,36,4.5,0,0,18,2.3,5,5,0,0,0,0,490,61.3
459,40,Taj Woewodin,15,Melbourne,64,4.3,40,2.7,104,6.9,38,2.5,0,0,25,1.7,4,5,1,0.1,2,8,483,32.2
460,17,Jed Walter,14,Gold Coast,54,3.9,26,1.9,80,5.7,25,1.8,16,1.1,31,2.2,14,14,11,0.8,14,80,481,34.4
461,7,Riley Thilthorpe,7,Adelaide,53,7.6,25,3.6,78,11.1,32,4.6,26,3.7,12,1.7,6,1,15,2.1,6,96,478,68.3
462,41,Jed McEntee,14,Port Adelaide,49,3.5,51,3.6,100,7.1,19,1.4,0,0,39,2.8,2,11,7,0.5,4,46,477,34.1
463,7,Zane Duursma,13,North Melbourne,59,4.5,38,2.9,97,7.5,40,3.1,0,0,10,0.8,10,4,9,0.7,8,62,473,36.4
464,42,Quinton Narkle,13,Port Adelaide,74,5.7,20,1.5,94,7.2,41,3.2,0,0,14,1.1,1,3,4,0.3,10,34,467,35.9
465,6,Tom Mitchell,6,Collingwood,37,6.2,83,13.8,120,20,11,1.8,0,0,40,6.7,11,7,1,0.2,1,7,467,77.8
466,36,Brennan Cox,9,Fremantle,67,7.4,33,3.7,100,11.1,48,5.3,0,0,13,1.4,6,3,1,0.1,0,6,466,51.8
467,33,Lachlan Sullivan,10,Collingwood,49,4.9,80,8,129,12.9,16,1.6,0,0,25,2.5,5,4,2,0.2,5,17,465,46.5
468,5,Alex Davies,7,Gold Coast,37,5.3,72,10.3,109,15.6,8,1.1,1,0.1,49,7,7,9,1,0.1,1,7,463,66.1
469,34,Elliott Himmelberg,9,Adelaide,53,5.9,35,3.9,88,9.8,29,3.2,34,3.8,16,1.8,6,5,8,0.9,5,53,458,50.9
470,29,Joe Richards,9,Collingwood,59,6.6,44,4.9,103,11.4,20,2.2,0,0,25,2.8,4,4,6,0.7,5,41,458,50.9
471,33,Lewis Young,8,Carlton,73,9.1,31,3.9,104,13,50,6.3,5,0.6,6,0.8,7,8,1,0.1,1,7,450,56.3
472,5,Jack Ross,7,Richmond,57,8.1,70,10,127,18.1,26,3.7,0,0,12,1.7,3,0,1,0.1,0,6,446,63.7
473,25,Ned McHenry,10,Adelaide,59,5.9,39,3.9,98,9.8,33,3.3,0,0,20,2,5,7,4,0.4,2,26,444,44.4
474,25,Caleb Poulter,7,Western Bulldogs,69,9.9,32,4.6,101,14.4,27,3.9,0,0,17,2.4,4,2,3,0.4,3,21,439,62.7
475,10,Maurice Rioli,10,Richmond,52,5.2,33,3.3,85,8.5,19,1.9,0,0,29,2.9,8,7,8,0.8,7,55,437,43.7
476,43,Brynn Teakle,11,North Melbourne,45,4.1,35,3.2,80,7.3,28,2.5,57,5.2,10,0.9,4,5,9,0.8,2,56,431,39.2
477,42,Kallan Dawson,11,North Melbourne,62,5.6,50,4.5,112,10.2,37,3.4,0,0,12,1.1,7,10,1,0.1,0,6,428,38.9
478,23,Gary Rohan,11,Geelong,64,5.8,20,1.8,84,7.6,33,3,3,0.3,12,1.1,2,6,9,0.8,1,55,421,38.3
479,19,Corey Durdin,14,Carlton,43,3.1,39,2.8,82,5.9,21,1.5,0,0,25,1.8,3,0,7,0.5,5,47,420,30
480,28,Nicholas Murray,9,Adelaide,68,7.6,29,3.2,97,10.8,38,4.2,0,0,14,1.6,5,10,0,0,1,1,408,45.3
481,42,Mykelti Lefau,9,Richmond,40,4.4,25,2.8,65,7.2,28,3.1,15,1.7,18,2,5,5,12,1.3,4,76,407,45.2
482,20,Adam Tomlinson,7,Melbourne,71,10.1,30,4.3,101,14.4,32,4.6,0,0,12,1.7,7,6,0,0,0,0,406,58
483,5,Curtis Taylor,8,North Melbourne,57,7.1,29,3.6,86,10.8,30,3.8,0,0,18,2.3,4,3,3,0.4,0,18,404,50.5
484,34,Oisin Mullin,11,Geelong,49,4.5,55,5,104,9.5,16,1.5,0,0,29,2.6,6,9,0,0,1,1,401,36.5
485,14,Lachie Weller,6,Gold Coast,62,10.3,38,6.3,100,16.7,18,3,0,0,18,3,3,3,2,0.3,3,15,397,66.2
486,35,James Borlase,9,Adelaide,51,5.7,38,4.2,89,9.9,35,3.9,6,0.7,14,1.6,8,5,1,0.1,1,7,396,44
487,12,Will Setterfield,4,Essendon,49,12.3,42,10.5,91,22.8,17,4.3,0,0,27,6.8,4,0,0,0,2,2,396,99
488,13,Isaac Cumming,6,GWS Giants,46,7.7,38,6.3,84,14,24,4,0,0,25,4.2,4,7,3,0.5,1,19,388,64.7
489,19,Zac Taylor,9,Adelaide,44,4.9,45,5,89,9.9,13,1.4,0,0,28,3.1,9,8,4,0.4,4,28,386,42.9
490,43,Charlie Dean,8,Collingwood,52,6.5,32,4,84,10.5,40,5,0,0,8,1,11,2,0,0,0,0,377,47.1
491,35,Charlie Lazzaro,9,North Melbourne,42,4.7,57,6.3,99,11,17,1.9,0,0,19,2.1,3,2,2,0.2,0,12,376,41.8
492,42,Harry Edwards,9,West Coast,54,6,21,2.3,75,8.3,43,4.8,0,0,12,1.3,5,6,0,0,0,0,368,40.9
493,18,Finlay Macrae,9,Collingwood,46,5.1,44,4.9,90,10,8,0.9,0,0,21,2.3,5,2,4,0.4,2,26,359,39.9
494,24,Nick Bryan,5,Essendon,34,6.8,27,5.4,61,12.2,11,2.2,103,20.6,15,3,5,0,0,0,0,0,357,71.4
495,36,James Trezise,7,Richmond,54,7.7,42,6,96,13.7,27,3.9,0,0,9,1.3,4,4,0,0,0,0,355,50.7
496,10,Tyler Brockman,10,West Coast,38,3.8,46,4.6,84,8.4,19,1.9,0,0,22,2.2,6,4,1,0.1,2,8,353,35.3
497,45,Tylar Young,9,Richmond,63,7,19,2.1,82,9.1,41,4.6,0,0,8,0.9,3,11,0,0,0,0,352,39.1
498,18,Jake Melksham,8,Melbourne,50,6.3,19,2.4,69,8.6,30,3.8,0,0,7,0.9,3,3,8,1,4,52,352,44
499,34,Hugo Garcia,9,St Kilda,25,2.8,45,5,70,7.8,9,1,0,0,40,4.4,2,4,1,0.1,1,7,349,38.8
500,21,Leek Aleer,8,GWS Giants,43,5.4,39,4.9,82,10.3,26,3.3,0,0,18,2.3,9,8,0,0,0,0,342,42.8
Totals,,,467,,2755,5.9,2009,4.3,4764,10.2,1385,3,275,0.6,997,2.1,286,273,189,0.4,135,1269,21437,45.9
501,38,Archie Roberts,4,Essendon,47,11.8,40,10,87,21.8,21,5.3,0,0,12,3,5,1,1,0.3,0,6,340,85
502,13,Oskar Baker,6,Western Bulldogs,51,8.5,34,5.7,85,14.2,33,5.5,0,0,4,0.7,1,6,3,0.5,1,19,338,56.3
503,34,Shadeau Brain,9,Brisbane Lions,52,5.8,37,4.1,89,9.9,31,3.4,0,0,5,0.6,3,3,0,0,0,0,337,37.4
504,27,Jack Bytel,7,Collingwood,48,6.9,38,5.4,86,12.3,29,4.1,0,0,10,1.4,1,6,1,0.1,1,7,337,48.1
505,17,Nick Coffield,8,Western Bulldogs,58,7.3,21,2.6,79,9.9,34,4.3,0,0,6,0.8,5,4,0,0,0,0,335,41.9
506,17,Will Hamill,7,Adelaide,54,7.7,28,4,82,11.7,20,2.9,0,0,15,2.1,6,4,0,0,0,0,332,47.4
507,38,Lloyd Johnston,7,Gold Coast,43,6.1,25,3.6,68,9.7,21,3,0,0,15,2.1,5,0,3,0.4,3,21,328,46.9
508,29,Jake Rogers,9,Gold Coast,33,3.7,50,5.6,83,9.2,10,1.1,0,0,24,2.7,1,6,2,0.2,0,12,320,35.6
509,15,Nathan Kreuger,6,Collingwood,33,5.5,13,2.2,46,7.7,21,3.5,26,4.3,14,2.3,6,2,7,1.2,6,48,318,53
510,44,Ned Long,7,Collingwood,31,4.4,28,4,59,8.4,10,1.4,1,0.1,37,5.3,4,10,2,0.3,2,14,316,45.1
511,15,Ethan Hughes,6,Fremantle,47,7.8,31,5.2,78,13,31,5.2,0,0,9,1.5,4,7,0,0,0,0,315,52.5
512,12,Sam Day,5,Gold Coast,27,5.4,18,3.6,45,9,27,5.4,25,5,9,1.8,1,3,10,2,4,64,315,63
513,45,Andy Moniz-Wakefield,6,Melbourne,43,7.2,33,5.5,76,12.7,14,2.3,0,0,20,3.3,3,2,0,0,0,0,314,52.3
514,27,Marty Hore,6,Melbourne,57,9.5,12,2,69,11.5,36,6,0,0,7,1.2,0,6,0,0,0,0,313,52.2
515,8,Josh Sinn,6,Port Adelaide,57,9.5,18,3,75,12.5,21,3.5,0,0,8,1.3,2,1,1,0.2,0,6,307,51.2
516,6,Toby Conway,4,Geelong,22,5.5,32,8,54,13.5,8,2,101,25.3,15,3.8,6,7,1,0.3,0,6,306,76.5
517,40,Seamus Mitchell,9,Hawthorn,41,4.6,32,3.6,73,8.1,21,2.3,0,0,17,1.9,2,5,0,0,0,0,305,33.9
518,13,Noah Long,7,West Coast,40,5.7,30,4.3,70,10,21,3,0,0,12,1.7,3,2,2,0.3,5,17,305,43.6
519,28,Kane McAuliffe,8,Richmond,29,3.6,58,7.3,87,10.9,8,1,0,0,21,2.6,2,4,0,0,1,1,302,37.8
520,26,Reef McInnes,9,Collingwood,31,3.4,22,2.4,53,5.9,16,1.8,0,0,11,1.2,5,7,13,1.4,2,80,293,32.6
521,26,Zane Trew,6,West Coast,24,4,41,6.8,65,10.8,9,1.5,0,0,27,4.5,2,4,2,0.3,0,12,291,48.5
522,38,Patrick Voss,7,Fremantle,32,4.6,24,3.4,56,8,24,3.4,3,0.4,10,1.4,1,8,7,1,11,53,289,41.3
523,44,Jack Hutchinson,7,West Coast,22,3.1,40,5.7,62,8.9,12,1.7,0,0,23,3.3,6,2,2,0.3,3,15,289,41.3
524,41,Darragh Joyce,6,Brisbane Lions,55,9.2,16,2.7,71,11.8,30,5,0,0,2,0.3,2,3,0,0,0,0,288,48
525,21,Zaine Cordy,8,St Kilda,36,4.5,29,3.6,65,8.1,24,3,0,0,14,1.8,3,6,1,0.1,0,6,285,35.6
526,41,Malcolm Rosas,7,Gold Coast,38,5.4,13,1.9,51,7.3,14,2,0,0,11,1.6,5,8,12,1.7,6,78,285,40.7
527,11,Daniel McStay,5,Collingwood,33,6.6,16,3.2,49,9.8,26,5.2,1,0.2,5,1,5,2,8,1.6,4,52,281,56.2
528,41,Blake Drury,6,North Melbourne,37,6.2,24,4,61,10.2,24,4,0,0,7,1.2,2,0,3,0.5,0,18,279,46.5
529,33,Alwyn Davey Jnr,10,Essendon,38,3.8,22,2.2,60,6,10,1,0,0,16,1.6,3,3,5,0.5,1,31,277,27.7
530,22,Harry Sharp,6,Brisbane Lions,45,7.5,17,2.8,62,10.3,18,3,0,0,10,1.7,3,2,2,0.3,2,14,274,45.7
531,25,Lachlan Keeffe,5,GWS Giants,19,3.8,16,3.2,35,7,8,1.6,90,18,16,3.2,4,3,1,0.2,4,10,272,54.4
532,3,Jesse Motlop,7,Carlton,30,4.3,24,3.4,54,7.7,15,2.1,0,0,15,2.1,3,5,6,0.9,4,40,271,38.7
533,4,Dom Sheed,7,West Coast,38,5.4,39,5.6,77,11,11,1.6,0,0,16,2.3,6,9,0,0,1,1,269,38.4
534,27,Darcy Gardiner,7,Brisbane Lions,36,5.1,21,3,57,8.1,18,2.6,0,0,13,1.9,6,5,3,0.4,2,20,267,38.1
535,5,Elijah Tsatas,7,Essendon,34,4.9,37,5.3,71,10.1,18,2.6,0,0,5,0.7,0,0,1,0.1,1,7,257,36.7
536,40,Hugh Bond,7,Adelaide,22,3.1,33,4.7,55,7.9,9,1.3,0,0,27,3.9,3,5,0,0,0,0,255,36.4
537,29,Cameron Guthrie,4,Geelong,38,9.5,29,7.3,67,16.8,13,3.3,0,0,11,2.8,4,2,0,0,0,0,253,63.3
538,21,Chris Burgess,6,Adelaide,28,4.7,17,2.8,45,7.5,16,2.7,29,4.8,8,1.3,4,4,4,0.7,5,29,248,41.3
539,10,Aaron Francis,5,Sydney,35,7,21,4.2,56,11.2,27,5.4,0,0,5,1,3,1,0,0,0,0,248,49.6
540,43,Tyrell Dewar,7,West Coast,33,4.7,21,3,54,7.7,19,2.7,0,0,6,0.9,0,4,5,0.7,2,32,242,34.6
541,48,Steely Green,6,Richmond,34,5.7,18,3,52,8.7,14,2.3,0,0,6,1,4,1,5,0.8,1,31,236,39.3
542,27,Arie Schoenmaker,4,St Kilda,47,11.8,11,2.8,58,14.5,20,5,0,0,4,1,2,2,0,0,0,0,235,58.8
543,6,Daniel Curtin,7,Adelaide,29,4.1,25,3.6,54,7.7,16,2.3,0,0,7,1,3,3,3,0.4,0,18,225,32.1
544,9,Ryan Angwin,4,GWS Giants,24,6,26,6.5,50,12.5,9,2.3,0,0,16,4,4,1,1,0.3,2,8,224,56
545,17,Jarryd Lyons,3,Brisbane Lions,29,9.7,26,8.7,55,18.3,12,4,0,0,15,5,3,5,0,0,0,0,223,74.3
546,32,Samson Ryan,7,Richmond,23,3.3,21,3,44,6.3,13,1.9,56,8,7,1,6,9,1,0.1,2,8,221,31.6
547,42,Alex Keath,5,Western Bulldogs,28,5.6,27,5.4,55,11,22,4.4,0,0,5,1,6,3,0,0,0,0,221,44.2
548,24,Jed Bews,5,Geelong,31,6.2,19,3.8,50,10,20,4,0,0,7,1.4,1,1,0,0,0,0,217,43.4
549,16,Bailey Laurie,6,Melbourne,24,4,30,5,54,9,11,1.8,0,0,9,1.5,2,0,2,0.3,0,12,215,35.8
550,50,Ben Brown,6,Melbourne,26,4.3,11,1.8,37,6.2,18,3,1,0.2,2,0.3,3,0,7,1.2,4,46,212,35.3
Totals,,,319,,1812,5.7,1314,4.1,3126,9.8,933,2.9,333,1,596,1.9,164,187,127,0.4,80,842,14025,44
551,32,Darcy Fort,3,Brisbane Lions,22,7.3,11,3.7,33,11,7,2.3,59,19.7,11,3.7,4,6,1,0.3,2,8,206,68.7
552,30,Ollie Lord,6,Port Adelaide,23,3.8,10,1.7,33,5.5,14,2.3,1,0.2,9,1.5,4,3,6,1,3,39,202,33.7
553,3,Andrew Gaff,4,West Coast,31,7.8,26,6.5,57,14.3,14,3.5,0,0,5,1.3,1,2,0,0,0,0,202,50.5
554,23,Dylan Williams,5,Port Adelaide,41,8.2,9,1.8,50,10,19,3.8,0,0,2,0.4,0,2,0,0,0,0,200,40
555,38,Noah Cumberland,6,Richmond,24,4,17,2.8,41,6.8,11,1.8,0,0,11,1.8,2,7,5,0.8,2,32,196,32.7
556,46,Robert Hansen Jr,6,North Melbourne,26,4.3,25,4.2,51,8.5,10,1.7,0,0,4,0.7,2,2,4,0.7,2,26,196,32.7
557,28,Bigoa Nyuon,3,North Melbourne,29,9.7,14,4.7,43,14.3,18,6,2,0.7,7,2.3,2,2,0,0,0,0,195,65
558,40,Callum Jamieson,4,West Coast,29,7.3,16,4,45,11.3,15,3.8,4,1,5,1.3,5,1,0,0,0,0,190,47.5
559,29,Jai Serong,5,Hawthorn,19,3.8,23,4.6,42,8.4,11,2.2,0,0,13,2.6,3,1,0,0,0,0,188,37.6
560,30,Wayne Milera,3,Adelaide,34,11.3,12,4,46,15.3,14,4.7,0,0,6,2,1,2,0,0,0,0,187,62.3
561,45,Wil Parker,5,Collingwood,24,4.8,18,3.6,42,8.4,6,1.2,0,0,12,2.4,2,0,1,0.2,0,6,182,36.4
562,2,Mitch Lewis,4,Hawthorn,21,5.3,11,2.8,32,8,18,4.5,1,0.3,3,0.8,0,3,5,1.3,2,32,175,43.8
563,24,Harvey Johnston,6,West Coast,26,4.3,25,4.2,51,8.5,13,2.2,0,0,3,0.5,0,2,0,0,0,0,173,28.8
564,20,Matthew Taberner,5,Fremantle,21,4.2,12,2.4,33,6.6,13,2.6,0,0,6,1.2,2,6,6,1.2,2,38,172,34.4
565,37,Corey Warner,6,Sydney,23,3.8,26,4.3,49,8.2,6,1,0,0,5,0.8,2,0,1,0.2,4,10,171,28.5
566,20,Jaxon Prior,4,Brisbane Lions,30,7.5,7,1.8,37,9.3,18,4.5,0,0,5,1.3,1,3,0,0,0,0,170,42.5
567,2,Sam Powell-Pepper,3,Port Adelaide,19,6.3,9,3,28,9.3,9,3,0,0,14,4.7,2,4,3,1,4,22,170,56.7
568,1,Hugh Greenwood,3,North Melbourne,9,3,19,6.3,28,9.3,3,1,11,3.7,19,6.3,1,1,1,0.3,1,7,166,55.3
569,10,Mitch Knevitt,4,Geelong,18,4.5,9,2.3,27,6.8,13,3.3,0,0,10,2.5,1,0,2,0.5,1,13,165,41.3
570,4,Brandon Ellis,4,Gold Coast,28,7,14,3.5,42,10.5,9,2.3,0,0,5,1.3,1,1,1,0.3,2,8,165,41.3
571,38,Dante Visentini,3,Port Adelaide,10,3.3,12,4,22,7.3,4,1.3,71,23.7,10,3.3,2,7,1,0.3,0,6,164,54.7
572,19,Thomas Lynch,4,Richmond,23,5.8,9,2.3,32,8,12,3,2,0.5,1,0.3,6,4,6,1.5,4,40,163,40.8
573,23,Sean Lemmens,3,Gold Coast,24,8,13,4.3,37,12.3,6,2,0,0,9,3,5,0,0,0,0,0,157,52.3
574,51,Jacob Blight,3,Richmond,23,7.7,13,4.3,36,12,15,5,0,0,6,2,1,3,0,0,0,0,156,52
575,28,David Cuningham,5,Carlton,18,3.6,21,4.2,39,7.8,7,1.4,0,0,10,2,2,4,1,0.2,2,8,155,31
576,25,Matt Flynn,3,West Coast,7,2.3,14,4.7,21,7,4,1.3,66,22,8,2.7,2,4,1,0.3,0,6,155,51.7
577,37,Joe Fonti,5,GWS Giants,18,3.6,31,6.2,49,9.8,8,1.6,0,0,6,1.2,1,4,0,0,0,0,153,30.6
578,25,Henry Smith,4,Brisbane Lions,13,3.3,18,4.5,31,7.8,6,1.5,25,6.3,9,2.3,2,2,0,0,0,0,150,37.5
579,2,Dylan Grimes,5,Richmond,24,4.8,18,3.6,42,8.4,18,3.6,0,0,2,0.4,0,8,0,0,1,1,147,29.4
580,25,Jaxon Binns,3,Carlton,25,8.3,11,3.7,36,12,6,2,0,0,6,2,1,2,2,0.7,0,12,146,48.7
581,23,Karl Worner,4,Fremantle,18,4.5,20,5,38,9.5,11,2.8,0,0,4,1,1,0,0,0,0,0,144,36
582,24,Sam Naismith,3,Richmond,9,3,17,5.7,26,8.7,8,2.7,38,12.7,6,2,5,3,0,0,0,0,143,47.7
583,33,Caiden Cleary,5,Sydney,18,3.6,15,3,33,6.6,5,1,0,0,6,1.2,3,0,2,0.4,2,14,140,28
584,45,Kieran Strachan,2,Adelaide,13,6.5,9,4.5,22,11,7,3.5,29,14.5,6,3,6,1,1,0.5,0,6,140,70
585,36,Cooper Lord,2,Carlton,10,5,24,12,34,17,8,4,0,0,9,4.5,0,0,0,0,1,1,139,69.5
586,43,Jacob Bauer,3,Richmond,18,6,9,3,27,9,9,3,2,0.7,2,0.7,2,0,4,1.3,2,26,137,45.7
587,7,Ned Reeves,3,Hawthorn,9,3,14,4.7,23,7.7,4,1.3,71,23.7,4,1.3,2,8,0,0,0,0,132,44
588,26,Harry Schoenberg,3,Adelaide,13,4.3,23,7.7,36,12,8,2.7,0,0,3,1,1,1,2,0.7,0,12,131,43.7
589,17,Riley Hardeman,3,North Melbourne,21,7,9,3,30,10,9,3,0,0,6,2,1,1,0,0,0,0,130,43.3
590,30,Levi Casboult,3,Gold Coast,15,5,12,4,27,9,6,2,23,7.7,6,2,3,3,0,0,1,1,129,43
591,2,Rory Atkins,3,Gold Coast,23,7.7,14,4.7,37,12.3,9,3,0,0,1,0.3,0,1,0,0,1,1,126,42
592,49,Jai Culley,3,West Coast,18,6,10,3.3,28,9.3,5,1.7,0,0,7,2.3,3,2,1,0.3,1,7,121,40.3
593,15,Sam Docherty,2,Carlton,21,10.5,5,2.5,26,13,8,4,0,0,3,1.5,0,0,1,0.5,0,6,115,57.5
594,16,Edward Allan,2,Collingwood,14,7,14,7,28,14,1,0.5,0,0,8,4,1,0,1,0.5,0,6,112,56
595,41,Angus McLennan,2,St Kilda,14,7,11,5.5,25,12.5,13,6.5,0,0,2,1,0,1,0,0,0,0,108,54
596,33,Ben Paton,4,St Kilda,15,3.8,12,3,27,6.8,5,1.3,0,0,5,1.3,2,1,0,0,0,0,103,25.8
597,28,Neil Erasmus,4,Fremantle,13,3.3,16,4,29,7.3,7,1.8,0,0,7,1.8,1,6,0,0,0,0,103,25.8
598,38,Max Ramsden,3,Hawthorn,7,2.3,10,3.3,17,5.7,7,2.3,11,3.7,6,2,3,1,1,0.3,0,6,103,34.3
599,42,Liam Reidy,2,Fremantle,6,3,4,2,10,5,0,0,50,25,7,3.5,2,1,0,0,0,0,103,51.5
600,30,Nathan O'Driscoll,2,Fremantle,11,5.5,14,7,25,12.5,5,2.5,0,0,5,2.5,1,1,1,0.5,1,7,101,50.5
Totals,,,185,,968,5.2,735,4,1703,9.2,462,2.5,466,2.5,325,1.8,95,117,61,0.3,41,407,7677,41.5
601,24,Angus Hastie,5,St Kilda,12,2.4,13,2.6,25,5,6,1.2,0,0,3,0.6,1,0,1,0.2,0,6,99,19.8
602,10,Luke Pedlar,4,Adelaide,20,5,3,0.8,23,5.8,7,1.8,0,0,4,1,0,4,1,0.3,2,8,99,24.8
603,29,Clay Hall,3,West Coast,17,5.7,10,3.3,27,9,6,2,0,0,2,0.7,2,1,0,0,3,3,99,33
604,18,Jack Hayes,2,St Kilda,10,5,9,4.5,19,9.5,7,3.5,4,2,5,2.5,5,4,2,1,1,13,99,49.5
605,19,Griffin Logue,2,North Melbourne,15,7.5,9,4.5,24,12,9,4.5,0,0,3,1.5,0,1,0,0,0,0,99,49.5
606,27,Miller Bergman,3,North Melbourne,16,5.3,6,2,22,7.3,9,3,0,0,2,0.7,0,0,0,0,0,0,95,31.7
607,49,Kaleb Smith,3,Richmond,16,5.3,7,2.3,23,7.7,9,3,0,0,0,0,0,0,1,0.3,0,6,95,31.7
608,21,Jack Martin,3,Carlton,12,4,8,2.7,20,6.7,7,2.3,0,0,2,0.7,3,3,3,1,0,18,93,31
609,44,Henry Hustwaite,4,Hawthorn,10,2.5,16,4,26,6.5,1,0.3,0,0,8,2,3,3,0,0,0,0,91,22.8
610,23,Shane McAdam,2,Melbourne,7,3.5,8,4,15,7.5,6,3,0,0,8,4,1,2,1,0.5,2,8,90,45
611,44,Lachlan Gollant,4,Adelaide,15,3.8,7,1.8,22,5.5,3,0.8,7,1.8,3,0.8,3,3,1,0.3,1,7,88,22
612,36,Luke Cleary,2,Western Bulldogs,14,7,8,4,22,11,9,4.5,0,0,1,0.5,0,1,0,0,0,0,86,43
613,20,Ethan Read,4,Gold Coast,9,2.3,9,2.3,18,4.5,4,1,15,3.8,1,0.3,2,5,3,0.8,1,19,82,20.5
614,38,Tom Campbell,2,St Kilda,6,3,9,4.5,15,7.5,4,2,20,10,4,2,0,1,0,0,0,0,81,40.5
615,21,Callum Coleman-Jones,3,North Melbourne,6,2,12,4,18,6,7,2.3,11,3.7,1,0.3,3,1,0,0,0,0,78,26
616,12,Lachlan Hunter,1,Melbourne,14,14,6,6,20,20,6,6,0,0,0,0,0,0,1,1,0,6,78,78
617,22,Caleb Marchbank,3,Carlton,10,3.3,18,6,28,9.3,3,1,0,0,3,1,3,5,0,0,0,0,75,25
618,18,Wil Dawson,3,North Melbourne,10,3.3,6,2,16,5.3,7,2.3,0,0,3,1,1,1,0,0,0,0,73,24.3
619,29,James Tunstill,4,Brisbane Lions,5,1.3,15,3.8,20,5,2,0.5,0,0,5,1.3,0,0,0,0,0,0,71,17.8
620,35,Max Gruzewski,4,GWS Giants,9,2.3,3,0.8,12,3,6,1.5,0,0,1,0.3,1,2,3,0.8,0,18,68,17
621,40,Ted Clohesy,2,Geelong,6,3,4,2,10,5,3,1.5,0,0,8,4,0,0,0,0,1,1,68,34
622,18,Conor Stone,4,GWS Giants,8,2,3,0.8,11,2.8,2,0.5,0,0,6,1.5,2,2,1,0.3,0,6,62,15.5
623,5,Brad Crouch,1,St Kilda,6,6,9,9,15,15,2,2,0,0,4,4,1,0,0,0,0,0,59,59
624,43,Ashton Moir,2,Carlton,5,2.5,3,1.5,8,4,3,1.5,0,0,3,1.5,1,0,2,1,1,13,56,28
625,40,Ash Johnson,3,Collingwood,7,2.3,2,0.7,9,3,5,1.7,0,0,5,1.7,2,3,0,0,1,1,54,18
626,30,Sam Butler,2,Hawthorn,7,3.5,3,1.5,10,5,6,3,0,0,3,1.5,0,1,0,0,0,0,54,27
627,2,Deven Robertson,2,Brisbane Lions,6,3,10,5,16,8,1,0.5,0,0,4,2,0,1,0,0,0,0,54,27
628,18,Joshua Gibcus,2,Richmond,7,3.5,3,1.5,10,5,2,1,0,0,4,2,2,0,0,0,0,0,51,25.5
629,28,Anthony Scott,2,Western Bulldogs,7,3.5,3,1.5,10,5,6,3,0,0,1,0.5,0,0,0,0,1,1,50,25
630,29,Cooper Simpson,2,Fremantle,8,4,3,1.5,11,5.5,4,2,0,0,2,1,0,1,0,0,0,0,47,23.5
631,14,Connor O'Sullivan,1,Geelong,3,3,8,8,11,11,3,3,0,0,1,1,1,0,0,0,1,1,40,40
632,37,Ethan Phillips,1,Hawthorn,6,6,4,4,10,10,3,3,0,0,1,1,0,0,0,0,0,0,39,39
633,36,Will Lorenz,2,Port Adelaide,4,2,2,1,6,3,2,1,0,0,4,2,0,0,0,0,0,0,38,19
634,32,Arthur Jones,1,Western Bulldogs,5,5,3,3,8,8,4,4,0,0,0,0,1,1,1,1,1,7,38,38
635,21,Oscar McDonald,1,Fremantle,8,8,2,2,10,10,3,3,0,0,1,1,0,1,0,0,0,0,38,38
636,19,Peter Ladhams,1,Sydney,3,3,3,3,6,6,2,2,10,10,2,2,0,1,0,0,1,1,37,37
637,35,Caleb Mitchell,2,Sydney,7,3.5,3,1.5,10,5,3,1.5,0,0,0,0,0,0,0,0,0,0,36,18
638,9,Charlie Spargo,1,Melbourne,5,5,7,7,12,12,1,1,0,0,2,2,1,2,0,0,1,1,36,36
639,18,Keidean Coleman,1,Brisbane Lions,6,6,2,2,8,8,4,4,0,0,0,0,0,0,0,0,0,0,34,34
640,37,Patrick Parnell,1,Adelaide,8,8,2,2,10,10,2,2,0,0,0,0,0,0,0,0,0,0,34,34
641,12,Hugh Davies,2,Fremantle,4,2,4,2,8,4,3,1.5,0,0,3,1.5,0,3,0,0,0,0,32,16
642,31,Josh Goater,1,North Melbourne,7,7,3,3,10,10,2,2,0,0,1,1,1,2,0,0,0,0,32,32
643,19,Josh Schache,1,Melbourne,3,3,1,1,4,4,2,2,1,1,2,2,1,0,0,0,2,2,29,29
644,30,Harry Barnett,1,West Coast,3,3,3,3,6,6,0,0,8,8,2,2,1,1,0,0,0,0,29,29
645,10,Sam Weideman,1,Essendon,4,4,5,5,9,9,2,2,0,0,0,0,0,0,0,0,0,0,28,28
646,19,Tew Jiath,1,Collingwood,4,4,1,1,5,5,2,2,0,0,3,3,1,2,0,0,0,0,27,27
647,33,Rhett Bazzo,1,West Coast,4,4,2,2,6,6,3,3,0,0,1,1,0,1,0,0,0,0,26,26
648,4,Lance Collard,3,St Kilda,5,1.7,2,0.7,7,2.3,2,0.7,0,0,1,0.3,1,2,0,0,0,0,24,8
649,36,Loch Rawlinson,1,West Coast,3,3,1,1,4,4,2,2,0,0,1,1,0,0,0,0,1,1,22,22
650,26,Matthew Coulthard,2,Richmond,3,1.5,3,1.5,6,3,0,0,0,0,0,0,0,0,1,0.5,0,6,21,10.5
Totals,,,109,,395,3.6,286,2.6,681,6.2,197,1.8,76,0.7,124,1.1,44,61,22,0.2,21,153,2934,26.9
651,8,Charlie Clarke,1,Western Bulldogs,5,5,1,1,6,6,2,2,0,0,0,0,0,1,0,0,1,1,21,21
652,24,Brandon Ryan,1,Brisbane Lions,2,2,0,0,2,2,1,1,0,0,1,1,0,0,1,1,0,6,19,19
653,41,Kynan Brown,2,Melbourne,2,1,1,0.5,3,1.5,0,0,0,0,2,1,1,0,0,0,0,0,17,8.5
654,31,Zach Reid,1,Essendon,1,1,2,2,3,3,2,2,0,0,1,1,0,0,0,0,0,0,17,17
655,23,Judson Clarke,1,Richmond,3,3,1,1,4,4,2,2,0,0,0,0,0,0,0,0,0,0,17,17
656,38,Sam Durdin,1,Carlton,4,4,1,1,5,5,1,1,0,0,0,0,1,1,0,0,0,0,15,15
657,44,Darcy MacPherson,2,Gold Coast,1,0.5,2,1,3,1.5,0,0,0,0,1,0.5,0,0,0,0,0,0,11,5.5
658,36,Tyler Sellers,2,North Melbourne,1,0.5,2,1,3,1.5,1,0.5,0,0,1,0.5,0,3,0,0,0,0,5,2.5
Totals,,,11,,19,1.7,10,0.9,29,2.6,9,0.8,0,0,6,0.5,2,5,1,0.1,1,7,122,11.1
