Pos,Num,Player,MT,Team,K,Avg,H,Avg,D,Avg,M,Avg,HO,Avg,T,Avg,FF,FA,G,Avg,B,SC,Rat,Avg
1,6,Jackson Macrae,1,St Kilda,17,17,18,18,35,35,8,8,0,0,10,10,2,0,0,0,0,0,153,153
2,1,Connor Rozee,1,Port Adelaide,23,23,16,16,39,39,7,7,0,0,5,5,0,3,2,2,0,12,145,145
3,19,Rowan Marshall,1,St Kilda,16,16,13,13,29,29,6,6,32,32,6,6,2,3,0,0,1,1,142,142
4,3,Jai Newcombe,1,Hawthorn,16,16,16,16,32,32,5,5,0,0,11,11,5,1,0,0,1,1,142,142
5,7,Zach Merrett,1,Essendon,20,20,16,16,36,36,2,2,0,0,3,3,3,0,4,4,1,25,138,138
6,35,Nick Daicos,1,Collingwood,18,18,21,21,39,39,7,7,0,0,4,4,2,0,0,0,1,1,136,136
7,12,Jordan Dawson,1,Adelaide,22,22,11,11,33,33,8,8,0,0,6,6,1,1,0,0,0,0,134,134
8,2,Ben Keays,1,Adelaide,17,17,5,5,22,22,11,11,0,0,3,3,0,0,4,4,2,26,132,132
9,5,Matt Crouch,1,Adelaide,13,13,19,19,32,32,7,7,0,0,8,8,1,0,0,0,0,0,131,131
10,1,Chad Warner,1,Sydney,22,22,4,4,26,26,9,9,0,0,5,5,3,1,1,1,2,8,129,129
11,15,Dayne Zorko,1,Brisbane Lions,26,26,2,2,28,28,11,11,0,0,3,3,1,1,0,0,1,1,126,126
12,7,Jase Burgoyne,1,Port Adelaide,16,16,16,16,32,32,8,8,0,0,2,2,1,1,2,2,0,12,122,122
13,32,Mason Wood,1,St Kilda,17,17,9,9,26,26,10,10,0,0,3,3,0,1,2,2,1,13,121,121
14,29,George Hewett,1,Carlton,14,14,14,14,28,28,1,1,0,0,11,11,2,2,1,1,1,7,120,120
15,7,Jarrod Berry,1,Brisbane Lions,18,18,8,8,26,26,12,12,0,0,4,4,2,2,0,0,0,0,118,118
16,37,Kade Chandler,1,Melbourne,15,15,10,10,25,25,7,7,0,0,2,2,4,0,3,3,1,19,117,117
17,9,Lachie Neale,1,Brisbane Lions,21,21,14,14,35,35,8,8,0,0,1,1,1,3,1,1,0,6,117,117
18,9,Jack Steele,1,St Kilda,8,8,14,14,22,22,4,4,0,0,13,13,1,1,0,0,0,0,114,114
19,35,Jack Sinclair,1,St Kilda,18,18,7,7,25,25,3,3,0,0,6,6,1,0,2,2,0,12,114,114
20,5,Caleb Daniel,1,North Melbourne,25,25,6,6,31,31,6,6,0,0,3,3,0,1,0,0,0,0,114,114
21,6,Kane Farrell,1,Port Adelaide,17,17,14,14,31,31,8,8,0,0,1,1,0,0,1,1,1,7,114,114
22,13,Clayton Oliver,1,Melbourne,16,16,20,20,36,36,5,5,0,0,2,2,0,1,1,1,0,6,114,114
23,2,Marcus Windhager,1,St Kilda,15,15,10,10,25,25,5,5,0,0,5,5,0,0,2,2,1,13,113,113
24,5,Josh Dunkley,1,Brisbane Lions,13,13,10,10,23,23,6,6,0,0,6,6,3,0,1,1,1,7,111,111
25,3,Zak Jones,1,St Kilda,15,15,12,12,27,27,7,7,0,0,5,5,1,0,0,0,0,0,111,111
26,25,Paul Curtis,1,North Melbourne,13,13,9,9,22,22,6,6,0,0,4,4,2,1,3,3,2,20,110,110
27,21,Tom Liberatore,1,Western Bulldogs,16,16,18,18,34,34,2,2,0,0,3,3,1,0,1,1,0,6,109,109
28,28,Willem Drew,1,Port Adelaide,5,5,17,17,22,22,3,3,0,0,12,12,1,0,0,0,1,1,108,108
29,22,Logan Evans,1,Port Adelaide,19,19,5,5,24,24,11,11,0,0,0,0,2,0,1,1,0,6,108,108
30,12,Tom De Koning,1,Carlton,10,10,9,9,19,19,3,3,40,40,3,3,0,1,0,0,1,1,107,107
31,8,Lachie Schultz,1,Collingwood,11,11,6,6,17,17,6,6,0,0,7,7,2,0,2,2,1,13,106,106
32,9,Luke Jackson,1,Fremantle,6,6,14,14,20,20,3,3,28,28,5,5,1,2,1,1,0,6,104,104
33,19,Mitchell Georgiades,1,Port Adelaide,10,10,7,7,17,17,8,8,0,0,2,2,1,0,4,4,2,26,103,103
34,3,Harry Sheezel,1,North Melbourne,15,15,13,13,28,28,7,7,0,0,2,2,1,0,0,0,1,1,102,102
35,11,Tim Kelly,1,West Coast,15,15,14,14,29,29,5,5,0,0,4,4,0,1,0,0,1,1,102,102
36,44,Tim English,1,Western Bulldogs,6,6,8,8,14,14,5,5,33,33,7,7,0,3,0,0,0,0,101,101
37,25,Josh Ward,1,Hawthorn,10,10,14,14,24,24,3,3,0,0,7,7,0,0,1,1,0,6,101,101
38,14,Jake Soligo,1,Adelaide,15,15,12,12,27,27,6,6,0,0,2,2,0,2,2,2,0,12,101,101
39,7,Nasiah Wanganeen-Milera,1,St Kilda,19,19,10,10,29,29,5,5,0,0,2,2,0,0,0,0,1,1,101,101
40,10,Sam Darcy,1,Western Bulldogs,11,11,4,4,15,15,8,8,4,4,3,3,2,3,4,4,2,26,100,100
41,14,Darcy Cameron,1,Collingwood,9,9,10,10,19,19,4,4,26,26,3,3,6,1,0,0,0,0,100,100
42,5,Adam Cerra,1,Carlton,17,17,11,11,28,28,2,2,0,0,5,5,1,2,1,1,0,6,100,100
43,18,Sam Walsh,1,Carlton,10,10,12,12,22,22,0,0,0,0,12,12,0,1,0,0,0,0,99,99
44,44,Jake Lloyd,1,Sydney,18,18,7,7,25,25,10,10,0,0,1,1,0,1,0,0,0,0,99,99
45,30,Tom Atkins,1,Geelong,8,8,12,12,20,20,2,2,0,0,11,11,0,0,0,0,0,0,98,98
46,44,Jackson Mead,1,Port Adelaide,8,8,22,22,30,30,6,6,0,0,3,3,0,0,0,0,0,0,98,98
47,24,Tom Powell,1,North Melbourne,15,15,16,16,31,31,2,2,0,0,2,2,1,0,1,1,0,6,98,98
48,16,Oliver Wines,1,Port Adelaide,8,8,25,25,33,33,1,1,2,2,4,4,3,2,1,1,0,6,98,98
49,3,Christian Salem,1,Melbourne,16,16,8,8,24,24,8,8,0,0,2,2,1,0,0,0,0,0,97,97
50,6,Jye Caldwell,1,Essendon,10,10,17,17,27,27,5,5,0,0,3,3,0,0,1,1,0,6,97,97
Totals,,,50,,738,14.8,605,12.1,1343,26.9,292,5.8,165,3.3,237,4.7,61,42,50,1,27,327,5675,113.5
51,8,Josh Rachele,1,Adelaide,13,13,3,3,16,16,8,8,0,0,1,1,0,1,4,4,2,26,96,96
52,31,Bailey Dale,1,Western Bulldogs,21,21,10,10,31,31,2,2,0,0,3,3,1,2,0,0,0,0,96,96
53,34,Matt Roberts,1,Sydney,19,19,6,6,25,25,5,5,0,0,2,2,3,0,0,0,0,0,95,95
54,35,Ryan Lester,1,Brisbane Lions,14,14,5,5,19,19,9,9,0,0,3,3,3,0,0,0,0,0,94,94
55,16,Massimo D'Ambrosio,1,Hawthorn,14,14,11,11,25,25,4,4,0,0,4,4,2,0,0,0,0,0,94,94
56,44,Callum Wilkie,1,St Kilda,15,15,4,4,19,19,9,9,0,0,3,3,1,0,0,0,0,0,93,93
57,31,Harris Andrews,1,Brisbane Lions,13,13,7,7,20,20,12,12,0,0,1,1,0,0,0,0,0,0,93,93
58,17,Jake Bowey,1,Melbourne,19,19,3,3,22,22,5,5,0,0,3,3,3,0,0,0,0,0,93,93
59,3,Liam Baker,1,West Coast,15,15,9,9,24,24,3,3,0,0,7,7,1,3,0,0,0,0,92,92
60,20,Ed Richards,1,Western Bulldogs,17,17,10,10,27,27,3,3,0,0,3,3,1,1,0,0,2,2,92,92
61,35,Josh Treacy,1,Fremantle,8,8,5,5,13,13,7,7,5,5,2,2,0,1,4,4,2,26,91,91
62,40,Ted Clohesy,1,Geelong,11,11,5,5,16,16,6,6,0,0,4,4,1,0,2,2,1,13,91,91
63,7,Riley Thilthorpe,1,Adelaide,10,10,6,6,16,16,7,7,1,1,2,2,3,1,3,3,1,19,91,91
64,10,Karl Amon,1,Hawthorn,11,11,11,11,22,22,3,3,0,0,6,6,3,0,0,0,0,0,91,91
65,44,Darcy Wilmot,1,Brisbane Lions,17,17,6,6,23,23,7,7,0,0,2,2,2,1,0,0,0,0,91,91
66,2,Sam Powell-Pepper,1,Port Adelaide,10,10,6,6,16,16,9,9,0,0,1,1,0,1,3,3,2,20,90,90
67,38,Tristan Xerri,1,North Melbourne,5,5,15,15,20,20,2,2,29,29,2,2,2,2,1,1,0,6,90,90
68,6,Hugh McCluggage,1,Brisbane Lions,11,11,11,11,22,22,3,3,0,0,7,7,1,1,0,0,0,0,90,90
69,8,Josh Sinn,1,Port Adelaide,19,19,3,3,22,22,8,8,0,0,1,1,2,1,0,0,0,0,90,90
70,13,Luke Ryan,1,Fremantle,19,19,4,4,23,23,7,7,0,0,1,1,0,0,0,0,0,0,90,90
71,8,Will Ashcroft,1,Brisbane Lions,16,16,8,8,24,24,7,7,0,0,1,1,4,1,0,0,0,0,90,90
72,15,William Rioli,1,Port Adelaide,10,10,7,7,17,17,5,5,0,0,3,3,0,0,3,3,0,18,89,89
73,43,Tyrell Dewar,1,West Coast,15,15,5,5,20,20,7,7,0,0,1,1,0,1,2,2,0,12,89,89
74,5,Christian Petracca,1,Melbourne,12,12,11,11,23,23,5,5,0,0,2,2,1,0,1,1,1,7,89,89
75,33,Kamdyn McIntosh,1,Richmond,10,10,8,8,18,18,5,5,0,0,6,6,0,1,1,1,0,6,88,88
76,9,Patrick Cripps,1,Carlton,12,12,17,17,29,29,3,3,1,1,4,4,3,4,0,0,1,1,88,88
77,3,Jesse Motlop,1,Carlton,12,12,7,7,19,19,3,3,0,0,6,6,1,2,1,1,3,9,87,87
78,17,Lawson Humphries,1,Geelong,14,14,8,8,22,22,8,8,0,0,2,2,0,1,0,0,0,0,87,87
79,2,Jaeger O'Meara,1,Fremantle,11,11,21,21,32,32,4,4,0,0,2,2,1,3,0,0,0,0,87,87
80,46,Oscar McInerney,1,Brisbane Lions,6,6,7,7,13,13,1,1,34,34,4,4,4,1,0,0,0,0,86,86
81,7,Rhyan Mansell,1,Richmond,14,14,2,2,16,16,3,3,0,0,6,6,4,0,0,0,3,3,86,86
82,44,Cameron Zurhaar,1,North Melbourne,12,12,5,5,17,17,3,3,0,0,1,1,2,0,4,4,1,25,86,86
83,22,Nick Blakey,1,Sydney,19,19,1,1,20,20,7,7,0,0,1,1,2,0,0,0,0,0,86,86
84,14,Miles Bergman,1,Port Adelaide,13,13,8,8,21,21,9,9,0,0,1,1,0,0,0,0,0,0,86,86
85,9,Luke Davies-Uniacke,1,North Melbourne,9,9,14,14,23,23,2,2,0,0,7,7,0,1,0,0,0,0,86,86
86,4,Callum Ah Chee,1,Brisbane Lions,11,11,2,2,13,13,8,8,0,0,2,2,0,1,3,3,1,19,85,85
87,3,Jaspa Fletcher,1,Brisbane Lions,16,16,2,2,18,18,9,9,0,0,0,0,0,0,1,1,0,6,85,85
88,28,Alex Neal-Bullen,1,Adelaide,9,9,9,9,18,18,5,5,0,0,4,4,0,1,2,2,0,12,85,85
89,15,Jayden Short,1,Richmond,17,17,4,4,21,21,6,6,0,0,2,2,3,1,0,0,0,0,85,85
90,7,Josh Daicos,1,Collingwood,14,14,11,11,25,25,4,4,0,0,2,2,1,0,0,0,0,0,85,85
91,35,Joe Richards,1,Port Adelaide,7,7,18,18,25,25,5,5,0,0,2,2,1,1,1,1,1,7,85,85
92,46,Mark Blicavs,1,Geelong,8,8,8,8,16,16,4,4,18,18,2,2,3,1,1,1,0,6,84,84
93,24,Josh Worrell,1,Adelaide,11,11,7,7,18,18,8,8,0,0,3,3,1,0,0,0,0,0,84,84
94,22,Steele Sidebottom,1,Collingwood,12,12,10,10,22,22,1,1,0,0,4,4,0,1,2,2,0,12,84,84
95,30,Eric Hipwood,1,Brisbane Lions,12,12,3,3,15,15,9,9,0,0,0,0,0,0,2,2,2,14,83,83
96,47,Anthony Caminiti,1,St Kilda,14,14,4,4,18,18,13,13,0,0,0,0,0,2,0,0,0,0,83,83
97,3,Caleb Serong,1,Fremantle,9,9,10,10,19,19,2,2,0,0,6,6,2,1,1,1,1,7,83,83
98,29,Rory Laird,1,Adelaide,14,14,9,9,23,23,5,5,0,0,2,2,0,0,0,0,0,0,83,83
99,6,Jordan Clark,1,Fremantle,15,15,9,9,24,24,5,5,0,0,2,2,0,1,0,0,0,0,83,83
100,4,Brodie Grundy,1,Sydney,7,7,4,4,11,11,6,6,23,23,3,3,0,0,0,0,0,0,82,82
Totals,,,50,,642,12.8,379,7.6,1021,20.4,281,5.6,111,2.2,139,2.8,62,40,42,0.8,24,276,4412,88.2
101,13,Taylor Walker,1,Adelaide,10,10,3,3,13,13,10,10,1,1,2,2,0,0,1,1,1,7,82,82
102,32,Darcy Fogarty,1,Adelaide,11,11,3,3,14,14,9,9,0,0,0,0,0,1,3,3,1,19,82,82
103,30,Charlie Comben,1,North Melbourne,13,13,3,3,16,16,12,12,0,0,1,1,0,1,0,0,0,0,82,82
104,28,Cam Mackenzie,1,Hawthorn,13,13,6,6,19,19,6,6,0,0,3,3,1,0,0,0,0,0,82,82
105,38,Lachlan Sholl,1,Adelaide,14,14,5,5,19,19,9,9,0,0,0,0,0,1,1,1,0,6,82,82
106,8,Bailey Scott,1,North Melbourne,11,11,6,6,17,17,8,8,0,0,2,2,0,1,1,1,1,7,81,81
107,6,James Sicily,1,Hawthorn,16,16,3,3,19,19,5,5,0,0,2,2,1,1,1,1,0,6,81,81
108,34,Corey Wagner,1,Fremantle,13,13,7,7,20,20,5,5,0,0,3,3,1,0,0,0,0,0,81,81
109,12,Jy Simpkin,1,North Melbourne,9,9,15,15,24,24,6,6,0,0,2,2,0,3,1,1,1,7,81,81
110,10,Travis Boak,1,Port Adelaide,9,9,19,19,28,28,6,6,0,0,0,0,0,1,0,0,1,1,81,81
111,18,Tyson Stengle,1,Geelong,6,6,3,3,9,9,5,5,0,0,7,7,0,0,2,2,1,13,80,80
112,1,Jack Higgins,1,St Kilda,9,9,3,3,12,12,4,4,0,0,3,3,1,1,4,4,1,25,80,80
113,10,Mitch Knevitt,1,Geelong,5,5,11,11,16,16,3,3,0,0,7,7,0,0,1,1,0,6,80,80
114,20,Xavier Lindsay,1,Melbourne,8,8,12,12,20,20,2,2,0,0,6,6,2,0,0,0,0,0,80,80
115,7,Jack Viney,1,Melbourne,14,14,13,13,27,27,2,2,0,0,2,2,1,1,0,0,0,0,80,80
116,24,Dane Rampe,1,Sydney,12,12,0,0,12,12,9,9,0,0,4,4,0,0,0,0,0,0,79,79
117,39,Zach Guthrie,1,Geelong,16,16,5,5,21,21,5,5,0,0,2,2,1,1,0,0,0,0,79,79
118,5,Isaac Heeney,1,Sydney,12,12,9,9,21,21,3,3,0,0,5,5,2,2,0,0,0,0,79,79
119,30,Nathan O'Driscoll,1,Fremantle,15,15,10,10,25,25,3,3,0,0,2,2,0,1,0,0,0,0,79,79
120,1,Liam Ryan,1,West Coast,10,10,6,6,16,16,4,4,0,0,1,1,1,0,3,3,1,19,78,78
121,30,Wayne Milera,1,Adelaide,16,16,2,2,18,18,6,6,0,0,1,1,0,1,1,1,1,7,78,78
122,33,Darcy Byrne-Jones,1,Port Adelaide,14,14,4,4,18,18,4,4,0,0,2,2,1,0,1,1,1,7,78,78
123,46,Matthew Cottrell,1,Carlton,16,16,4,4,20,20,1,1,0,0,3,3,1,0,1,1,0,6,78,78
124,8,James Rowbottom,1,Sydney,11,11,11,11,22,22,3,3,0,0,4,4,1,1,0,0,0,0,78,78
125,34,Nick Watson,1,Hawthorn,10,10,6,6,16,16,6,6,0,0,2,2,1,2,2,2,2,14,77,77
126,8,Andrew Brayshaw,1,Fremantle,6,6,13,13,19,19,2,2,0,0,8,8,1,2,0,0,0,0,77,77
127,9,Max Holmes,1,Geelong,11,11,8,8,19,19,4,4,0,0,4,4,0,2,1,1,0,6,77,77
128,15,Blake Hardwick,1,Hawthorn,10,10,3,3,13,13,5,5,0,0,3,3,1,0,2,2,0,12,76,76
129,33,Zac Bailey,1,Brisbane Lions,10,10,4,4,14,14,7,7,0,0,2,2,1,0,1,1,2,8,76,76
130,32,Tom Sparrow,1,Melbourne,12,12,13,13,25,25,2,2,0,0,2,2,2,1,0,0,1,1,76,76
131,24,Jordon Sweet,1,Port Adelaide,3,3,8,8,11,11,2,2,38,38,3,3,0,2,0,0,0,0,75,75
132,14,Connor O'Sullivan,1,Geelong,11,11,4,4,15,15,7,7,0,0,3,3,1,0,0,0,0,0,75,75
133,11,Conor Nash,1,Hawthorn,9,9,7,7,16,16,2,2,1,1,7,7,1,1,0,0,1,1,75,75
134,38,Jeremy Howe,1,Collingwood,14,14,3,3,17,17,7,7,0,0,1,1,2,0,0,0,0,0,75,75
135,25,Jack Crisp,1,Collingwood,12,12,9,9,21,21,5,5,0,0,3,3,0,2,0,0,0,0,75,75
136,24,Josh Battle,1,Hawthorn,10,10,11,11,21,21,5,5,0,0,2,2,0,0,0,0,0,0,75,75
137,26,Luke Parker,1,North Melbourne,10,10,12,12,22,22,3,3,0,0,2,2,1,1,1,1,0,6,75,75
138,27,Joel Freijah,1,Western Bulldogs,9,9,14,14,23,23,1,1,0,0,4,4,0,2,1,1,1,7,75,75
139,12,Will Day,1,Hawthorn,13,13,13,13,26,26,1,1,0,0,5,5,2,5,0,0,0,0,75,75
140,43,Reilly O'Brien,1,Adelaide,4,4,6,6,10,10,2,2,32,32,3,3,0,0,0,0,0,0,74,74
141,38,Jack Henry,1,Geelong,12,12,3,3,15,15,10,10,0,0,1,1,1,1,0,0,0,0,74,74
142,20,Mitchell Hinge,1,Adelaide,13,13,3,3,16,16,1,1,0,0,5,5,3,1,1,1,0,6,74,74
143,10,Levi Ashcroft,1,Brisbane Lions,11,11,6,6,17,17,8,8,0,0,2,2,0,1,0,0,0,0,74,74
144,23,Ryan Maric,1,West Coast,18,18,8,8,26,26,1,1,0,0,1,1,0,1,0,0,0,0,74,74
145,6,Daniel Curtin,1,Adelaide,8,8,5,5,13,13,5,5,0,0,4,4,2,0,1,1,0,6,73,73
146,32,Gryan Miers,1,Geelong,10,10,10,10,20,20,5,5,0,0,2,2,0,0,0,0,0,0,73,73
147,8,Matthew Kennedy,1,Western Bulldogs,8,8,13,13,21,21,3,3,0,0,4,4,0,1,0,0,1,1,73,73
148,44,Ned Long,1,Collingwood,5,5,8,8,13,13,1,1,0,0,9,9,1,0,0,0,1,1,72,72
149,24,Nick Bryan,1,Essendon,12,12,2,2,14,14,1,1,23,23,2,2,0,1,0,0,1,1,72,72
150,28,Jack Darling,1,North Melbourne,8,8,6,6,14,14,4,4,3,3,3,3,0,1,2,2,0,12,72,72
Totals,,,50,,542,10.8,361,7.2,903,18.1,230,4.6,98,2,151,3,34,44,33,0.7,20,218,3860,77.2
151,16,Max Michalanney,1,Adelaide,12,12,3,3,15,15,8,8,0,0,1,1,2,0,0,0,0,0,72,72
152,16,Sam De Koning,1,Geelong,8,8,8,8,16,16,4,4,21,21,1,1,1,2,0,0,0,0,72,72
153,37,Nic Martin,1,Essendon,9,9,11,11,20,20,5,5,0,0,1,1,0,1,1,1,1,7,72,72
154,19,Brady Hough,1,West Coast,10,10,4,4,14,14,4,4,0,0,5,5,1,0,0,0,0,0,71,71
155,21,Aliir Aliir,1,Port Adelaide,12,12,4,4,16,16,9,9,0,0,0,0,0,0,0,0,0,0,71,71
156,5,Elijah Tsatas,1,Essendon,12,12,13,13,25,25,1,1,0,0,1,1,1,0,0,0,1,1,71,71
157,15,Sam Docherty,1,Carlton,10,10,3,3,13,13,0,0,0,0,9,9,1,1,0,0,0,0,70,70
158,2,Jordan de Goey,1,Collingwood,11,11,4,4,15,15,4,4,0,0,3,3,2,0,0,0,3,3,70,70
159,23,Izak Rankine,1,Adelaide,11,11,4,4,15,15,5,5,0,0,1,1,0,1,2,2,1,13,70,70
160,42,Mark O'Connor,1,Geelong,10,10,6,6,16,16,5,5,0,0,3,3,0,0,0,0,1,1,70,70
161,14,Tim Taranto,1,Richmond,4,4,13,13,17,17,0,0,0,0,8,8,2,1,0,0,1,1,70,70
162,25,Toby Nankervis,1,Richmond,5,5,8,8,13,13,0,0,39,39,0,0,2,1,0,0,0,0,69,69
163,16,Matthew Owies,1,West Coast,4,4,9,9,13,13,2,2,0,0,8,8,1,0,0,0,0,0,69,69
164,9,Ryley Sanders,1,Western Bulldogs,3,3,13,13,16,16,2,2,0,0,7,7,0,0,0,0,0,0,69,69
165,12,Ben Miller,1,Richmond,13,13,6,6,19,19,6,6,0,0,0,0,0,0,0,0,0,0,69,69
166,11,Tom Papley,1,Sydney,15,15,4,4,19,19,4,4,0,0,2,2,0,2,0,0,2,2,69,69
167,13,Ryan Byrnes,1,St Kilda,13,13,7,7,20,20,5,5,0,0,0,0,1,0,0,0,0,0,69,69
168,32,Toby Pink,1,North Melbourne,10,10,2,2,12,12,9,9,0,0,3,3,1,2,0,0,0,0,68,68
169,43,Jack Henderson,1,Melbourne,7,7,6,6,13,13,2,2,0,0,5,5,2,0,1,1,1,7,68,68
170,37,Corey Warner,1,Sydney,10,10,4,4,14,14,4,4,0,0,4,4,1,0,0,0,1,1,68,68
171,44,Matthew Johnson,1,Fremantle,11,11,6,6,17,17,6,6,0,0,2,2,0,1,0,0,0,0,68,68
172,21,Archie Roberts,1,Essendon,11,11,8,8,19,19,3,3,0,0,2,2,2,0,0,0,0,0,68,68
173,14,Liam Duggan,1,West Coast,9,9,10,10,19,19,5,5,0,0,2,2,1,1,0,0,0,0,68,68
174,9,Changkuoth Jiath,1,Hawthorn,12,12,8,8,20,20,3,3,0,0,3,3,1,2,0,0,0,0,68,68
175,10,Scott Pendlebury,1,Collingwood,5,5,21,21,26,26,3,3,0,0,1,1,1,1,0,0,0,0,68,68
176,2,Sam Draper,1,Essendon,5,5,5,5,10,10,3,3,15,15,1,1,2,2,3,3,0,18,67,67
177,3,Ryan Burton,1,Port Adelaide,9,9,8,8,17,17,7,7,0,0,1,1,1,1,0,0,1,1,67,67
178,5,Jamie Elliott,1,Collingwood,7,7,7,7,14,14,5,5,0,0,3,3,1,2,1,1,3,9,66,66
179,15,Ed Langdon,1,Melbourne,9,9,8,8,17,17,6,6,0,0,1,1,0,0,0,0,1,1,66,66
180,46,Jacob Blight,1,Richmond,7,7,5,5,12,12,5,5,2,2,2,2,2,0,1,1,1,7,65,65
181,17,Lloyd Meek,1,Hawthorn,2,2,11,11,13,13,0,0,37,37,1,1,2,2,0,0,0,0,65,65
182,4,Jarman Impey,1,Hawthorn,9,9,4,4,13,13,3,3,0,0,6,6,3,2,0,0,0,0,65,65
183,20,Nick Larkey,1,North Melbourne,6,6,4,4,10,10,3,3,0,0,2,2,2,0,3,3,1,19,64,64
184,20,Patrick Voss,1,Fremantle,9,9,4,4,13,13,6,6,1,1,1,1,0,1,1,1,3,9,64,64
185,26,Riley Bice,1,Sydney,8,8,6,6,14,14,3,3,0,0,4,4,0,1,1,1,0,6,64,64
186,43,Noah Answerth,1,Brisbane Lions,11,11,5,5,16,16,8,8,0,0,0,0,0,1,0,0,0,0,64,64
187,16,Braeden Campbell,1,Sydney,10,10,6,6,16,16,4,4,0,0,3,3,0,1,0,0,1,1,64,64
188,20,Jeremy McGovern,1,West Coast,11,11,9,9,20,20,3,3,0,0,1,1,0,0,0,0,0,0,64,64
189,1,Jack Silvagni,1,Carlton,6,6,4,4,10,10,3,3,0,0,6,6,1,2,1,1,3,9,63,63
190,11,Max Gawn,1,Melbourne,5,5,6,6,11,11,2,2,27,27,2,2,0,2,0,0,1,1,63,63
191,13,Jhye Clark,1,Geelong,12,12,2,2,14,14,1,1,0,0,4,4,2,0,0,0,2,2,63,63
192,11,Daniel McStay,1,Collingwood,10,10,4,4,14,14,5,5,0,0,0,0,1,0,1,1,3,9,63,63
193,4,Aidan Corr,1,North Melbourne,14,14,3,3,17,17,7,7,0,0,0,0,0,2,0,0,0,0,63,63
194,16,Archie Perkins,1,Essendon,6,6,11,11,17,17,2,2,0,0,4,4,1,0,0,0,0,0,63,63
195,27,Mason Redman,1,Essendon,15,15,3,3,18,18,5,5,0,0,0,0,0,1,0,0,0,0,63,63
196,17,James Jordon,1,Sydney,7,7,17,17,24,24,1,1,0,0,2,2,0,1,0,0,0,0,63,63
197,22,Sam Lalor,1,Richmond,7,7,3,3,10,10,4,4,0,0,4,4,1,0,1,1,0,6,62,62
198,7,Rory Lobb,1,Western Bulldogs,10,10,3,3,13,13,7,7,0,0,3,3,1,3,0,0,1,1,62,62
199,12,Harvey Gallagher,1,Western Bulldogs,11,11,5,5,16,16,5,5,0,0,1,1,0,0,0,0,0,0,62,62
200,13,Darcy Tucker,1,North Melbourne,9,9,7,7,16,16,4,4,0,0,2,2,1,0,0,0,0,0,62,62
Totals,,,50,,452,9,335,6.7,787,15.7,201,4,142,2.8,126,2.5,44,40,17,0.3,33,135,3334,66.7
201,18,Jason Horne-Francis,1,Port Adelaide,9,9,8,8,17,17,5,5,0,0,3,3,0,5,1,1,1,7,62,62
202,34,Bailey Williams,1,Western Bulldogs,8,8,12,12,20,20,3,3,0,0,2,2,0,1,0,0,0,0,62,62
203,13,Logan Morris,1,Brisbane Lions,6,6,2,2,8,8,4,4,0,0,2,2,1,0,3,3,0,18,61,61
204,23,Josh Weddle,1,Hawthorn,5,5,5,5,10,10,3,3,9,9,4,4,1,0,0,0,1,1,61,61
205,1,Harry Morrison,1,Hawthorn,5,5,7,7,12,12,1,1,0,0,7,7,1,0,0,0,0,0,61,61
206,30,Darcy Moore,1,Collingwood,8,8,7,7,15,15,5,5,0,0,3,3,2,2,0,0,0,0,61,61
207,25,Jaxon Prior,1,Essendon,13,13,4,4,17,17,3,3,0,0,1,1,1,0,0,0,0,0,61,61
208,5,Jeremy Cameron,1,Geelong,9,9,8,8,17,17,2,2,0,0,1,1,2,0,1,1,0,6,61,61
209,9,Dylan Shiel,1,Essendon,8,8,13,13,21,21,1,1,0,0,2,2,0,0,0,0,0,0,61,61
210,1,Patrick Lipinski,1,Collingwood,7,7,15,15,22,22,1,1,0,0,2,2,1,1,0,0,1,1,61,61
211,10,Mitch Owens,1,St Kilda,6,6,4,4,10,10,5,5,1,1,3,3,2,3,2,2,1,13,60,60
212,34,Harry Armstrong,1,Richmond,7,7,5,5,12,12,5,5,0,0,0,0,0,0,2,2,2,14,60,60
213,42,Sam Davidson,1,Western Bulldogs,11,11,4,4,15,15,2,2,0,0,3,3,1,0,0,0,0,0,60,60
214,9,Dan Houston,1,Collingwood,10,10,5,5,15,15,3,3,0,0,2,2,0,1,1,1,0,6,60,60
215,31,Christian Moraes,1,Port Adelaide,8,8,9,9,17,17,6,6,0,0,0,0,0,0,0,0,0,0,60,60
216,22,Darcy Wilson,1,St Kilda,10,10,7,7,17,17,1,1,0,0,3,3,1,0,0,0,0,0,60,60
217,10,Colby McKercher,1,North Melbourne,11,11,6,6,17,17,1,1,0,0,2,2,0,1,1,1,1,7,60,60
218,22,Sam Durham,1,Essendon,5,5,16,16,21,21,2,2,0,0,4,4,0,3,0,0,0,0,60,60
219,19,Jack Gunston,1,Hawthorn,6,6,3,3,9,9,5,5,0,0,2,2,0,0,2,2,0,12,59,59
220,2,Hayden McLean,1,Sydney,6,6,3,3,9,9,1,1,1,1,5,5,1,1,2,2,1,13,59,59
221,23,Jacob Weitering,1,Carlton,10,10,1,1,11,11,7,7,0,0,2,2,1,1,0,0,0,0,59,59
222,27,Thomson Dow,1,Richmond,6,6,9,9,15,15,4,4,0,0,2,2,3,0,0,0,0,0,59,59
223,24,Trent Rivers,1,Melbourne,10,10,6,6,16,16,4,4,0,0,2,2,0,1,0,0,0,0,59,59
224,16,Cameron Rayner,1,Brisbane Lions,4,4,4,4,8,8,2,2,0,0,8,8,0,0,0,0,0,0,58,58
225,45,Thomas Edwards,1,Essendon,6,6,2,2,8,8,2,2,0,0,3,3,2,1,3,3,1,19,58,58
226,2,Jacob van Rooyen,1,Melbourne,5,5,4,4,9,9,2,2,3,3,4,4,2,0,1,1,2,8,58,58
227,7,Reuben Ginbey,1,West Coast,8,8,3,3,11,11,5,5,1,1,3,3,0,0,0,0,0,0,58,58
228,44,Seth Campbell,1,Richmond,8,8,5,5,13,13,1,1,0,0,2,2,1,1,2,2,3,15,58,58
229,14,Jeremy Sharp,1,Fremantle,10,10,8,8,18,18,4,4,0,0,0,0,0,0,0,0,0,0,58,58
230,1,Andrew McGrath,1,Essendon,6,6,13,13,19,19,3,3,0,0,1,1,1,0,0,0,0,0,58,58
231,33,Shannon Neale,1,Geelong,4,4,1,1,5,5,3,3,4,4,5,5,1,1,2,2,0,12,57,57
232,18,Mabior Chol,1,Hawthorn,10,10,1,1,11,11,4,4,0,0,0,0,0,2,3,3,1,19,57,57
233,5,Heath Chapman,1,Fremantle,8,8,4,4,12,12,4,4,0,0,3,3,1,0,0,0,0,0,57,57
234,24,Buku Khamis,1,Western Bulldogs,8,8,6,6,14,14,5,5,0,0,2,2,1,1,0,0,0,0,57,57
235,11,Luke McDonald,1,North Melbourne,9,9,6,6,15,15,6,6,0,0,0,0,0,0,0,0,0,0,57,57
236,36,Joel Amartey,1,Sydney,5,5,3,3,8,8,5,5,0,0,2,2,0,0,2,2,0,12,56,56
237,19,Peter Ladhams,1,Sydney,7,7,5,5,12,12,2,2,7,7,2,2,1,1,1,1,0,6,56,56
238,9,Nicholas Murray,1,Adelaide,8,8,5,5,13,13,5,5,0,0,3,3,1,2,0,0,0,0,56,56
239,9,Harley Reid,1,West Coast,8,8,7,7,15,15,3,3,0,0,7,7,2,7,0,0,0,0,56,56
240,46,Mason Cox,1,Collingwood,7,7,1,1,8,8,3,3,12,12,3,3,1,1,0,0,1,1,55,55
241,23,Ian Hill,1,Collingwood,6,6,2,2,8,8,2,2,0,0,3,3,3,0,2,2,0,12,55,55
242,11,Jade Gresham,1,Essendon,5,5,6,6,11,11,2,2,0,0,3,3,2,0,1,1,2,8,55,55
243,36,Brennan Cox,1,Fremantle,9,9,3,3,12,12,7,7,0,0,0,0,1,0,0,0,0,0,55,55
244,15,Jamie Cripps,1,West Coast,8,8,4,4,12,12,2,2,0,0,2,2,2,0,1,1,1,7,55,55
245,28,Oliver Dempsey,1,Geelong,7,7,5,5,12,12,2,2,0,0,2,2,0,1,2,2,1,13,55,55
246,4,Brayden Maynard,1,Collingwood,8,8,5,5,13,13,4,4,0,0,3,3,0,1,0,0,0,0,55,55
247,42,Adam Saad,1,Carlton,11,11,2,2,13,13,2,2,0,0,3,3,0,0,0,0,0,0,55,55
248,34,Lachie Jones,1,Port Adelaide,6,6,9,9,15,15,4,4,0,0,3,3,1,2,0,0,0,0,55,55
249,40,Jack Payne,1,Brisbane Lions,8,8,1,1,9,9,6,6,0,0,2,2,2,0,0,0,0,0,54,54
250,30,Tom McCartin,1,Sydney,10,10,5,5,15,15,5,5,0,0,1,1,1,2,0,0,0,0,54,54
Totals,,,50,,383,7.7,279,5.6,662,13.2,169,3.4,38,0.8,127,2.5,44,43,35,0.7,20,230,2905,58.1
251,2,Jacob Hopper,1,Richmond,9,9,15,15,24,24,0,0,0,0,0,0,0,1,0,0,0,0,54,54
252,8,Elijah Hewett,1,West Coast,8,8,5,5,13,13,2,2,0,0,2,2,3,0,0,0,2,2,53,53
253,1,Nick Vlastuin,1,Richmond,9,9,5,5,14,14,4,4,0,0,1,1,0,0,0,0,0,0,53,53
254,30,Tom Brown,1,Richmond,10,10,4,4,14,14,5,5,0,0,0,0,0,0,0,0,0,0,53,53
255,23,Laitham Vandermeer,1,Western Bulldogs,5,5,9,9,14,14,4,4,0,0,1,1,1,1,1,1,0,6,53,53
256,29,Will Phillips,1,North Melbourne,2,2,8,8,10,10,2,2,0,0,6,6,0,0,0,0,0,0,52,52
257,5,Jayden Hunt,1,West Coast,9,9,9,9,18,18,5,5,0,0,1,1,0,4,0,0,0,0,52,52
258,35,Patrick Dangerfield,1,Geelong,9,9,9,9,18,18,1,1,0,0,2,2,1,2,0,0,1,1,52,52
259,31,Zach Reid,1,Essendon,6,6,4,4,10,10,4,4,0,0,3,3,1,0,0,0,0,0,51,51
260,31,Beau McCreery,1,Collingwood,8,8,2,2,10,10,0,0,0,0,4,4,1,0,1,1,0,6,51,51
261,29,Joel Hamling,1,Sydney,6,6,6,6,12,12,5,5,0,0,1,1,2,0,0,0,0,0,51,51
262,40,Max Hall,1,St Kilda,7,7,6,6,13,13,3,3,0,0,2,2,0,0,0,0,1,1,51,51
263,28,Will McLachlan,1,Brisbane Lions,5,5,3,3,8,8,2,2,0,0,2,2,2,0,2,2,1,13,50,50
264,16,Murphy Reid,1,Fremantle,9,9,5,5,14,14,1,1,0,0,2,2,1,0,0,0,1,1,50,50
265,28,Neil Erasmus,1,Fremantle,8,8,6,6,14,14,3,3,0,0,2,2,2,2,0,0,1,1,50,50
266,46,Robert Hansen Jr,1,North Melbourne,7,7,8,8,15,15,3,3,0,0,1,1,0,0,0,0,0,0,50,50
267,23,Harrison Jones,1,Essendon,6,6,3,3,9,9,2,2,0,0,6,6,1,2,0,0,0,0,49,49
268,5,Joe Berry,1,Port Adelaide,4,4,6,6,10,10,2,2,0,0,3,3,0,0,1,1,1,7,49,49
269,29,Jimmy Webster,1,St Kilda,8,8,3,3,11,11,5,5,0,0,1,1,0,0,0,0,0,0,49,49
270,8,Bradley Hill,1,St Kilda,9,9,4,4,13,13,3,3,0,0,2,2,0,1,0,0,0,0,49,49
271,28,Thomas Cole,1,West Coast,4,4,9,9,13,13,2,2,0,0,4,4,0,1,0,0,0,0,49,49
272,29,Clay Hall,1,West Coast,4,4,11,11,15,15,0,0,0,0,3,3,0,1,1,1,0,6,49,49
273,36,Oliver Henry,1,Geelong,6,6,3,3,9,9,3,3,0,0,3,3,1,0,0,0,2,2,48,48
274,22,Blake Howes,1,Melbourne,4,4,7,7,11,11,3,3,0,0,4,4,0,1,0,0,0,0,48,48
275,4,Oliver Hollands,1,Carlton,7,7,4,4,11,11,3,3,0,0,4,4,0,2,0,0,0,0,48,48
276,11,Mitch McGovern,1,Carlton,11,11,2,2,13,13,5,5,0,0,1,1,1,3,0,0,0,0,48,48
277,17,Isaac Keeler,1,St Kilda,3,3,4,4,7,7,2,2,4,4,4,4,1,1,1,1,0,6,47,47
278,37,Tom Barrass,1,Hawthorn,5,5,5,5,10,10,3,3,0,0,3,3,1,0,0,0,0,0,47,47
279,6,Zachary Williams,1,Carlton,6,6,5,5,11,11,1,1,0,0,1,1,0,0,2,2,0,12,47,47
280,28,Xavier Duursma,1,Essendon,6,6,7,7,13,13,5,5,0,0,2,2,1,3,0,0,0,0,47,47
281,35,Nathan Broad,1,Richmond,8,8,0,0,8,8,6,6,0,0,1,1,0,0,0,0,0,0,46,46
282,30,Harry Sharp,1,Melbourne,6,6,4,4,10,10,5,5,0,0,1,1,0,0,0,0,1,1,46,46
283,15,Shai Bolton,1,Fremantle,9,9,6,6,15,15,0,0,0,0,4,4,0,3,0,0,0,0,46,46
284,13,Dylan Moore,1,Hawthorn,5,5,4,4,9,9,1,1,0,0,5,5,2,3,1,1,0,6,45,45
285,11,Hunter Clark,1,St Kilda,7,7,4,4,11,11,2,2,0,0,4,4,0,2,0,0,0,0,45,45
286,13,Oliver Florent,1,Sydney,6,6,5,5,11,11,1,1,0,0,3,3,1,0,0,0,1,1,45,45
287,9,Will Hayward,1,Sydney,5,5,2,2,7,7,3,3,0,0,2,2,0,0,1,1,2,8,44,44
288,33,Lewis Young,1,Carlton,6,6,2,2,8,8,4,4,5,5,1,1,1,0,0,0,0,0,44,44
289,24,Jye Amiss,1,Fremantle,5,5,3,3,8,8,4,4,0,0,1,1,1,0,1,1,0,6,44,44
290,10,Isaac Kako,1,Essendon,6,6,3,3,9,9,2,2,0,0,2,2,0,2,2,2,0,12,44,44
291,33,Jack Ginnivan,1,Hawthorn,4,4,6,6,10,10,1,1,0,0,4,4,1,0,0,0,0,0,44,44
292,15,Sam Wicks,1,Sydney,7,7,8,8,15,15,1,1,0,0,1,1,0,0,0,0,0,0,44,44
293,25,Alex Pearce,1,Fremantle,6,6,5,5,11,11,5,5,0,0,0,0,0,0,0,0,0,0,43,43
294,12,Harry Perryman,1,Collingwood,8,8,4,4,12,12,4,4,0,0,0,0,2,1,0,0,0,0,43,43
295,25,Tom McDonald,1,Melbourne,7,7,6,6,13,13,4,4,0,0,0,0,1,1,0,0,0,0,43,43
296,10,Tyler Brockman,1,West Coast,6,6,3,3,9,9,3,3,0,0,0,0,0,1,2,2,0,12,42,42
297,3,Isaac Quaynor,1,Collingwood,7,7,4,4,11,11,1,1,0,0,2,2,2,0,0,0,0,0,42,42
298,9,Charlie Spargo,1,Melbourne,6,6,5,5,11,11,3,3,0,0,2,2,0,1,0,0,0,0,42,42
299,32,Michael Frederick,1,Fremantle,6,6,6,6,12,12,3,3,0,0,0,0,1,0,0,0,2,2,42,42
300,22,James Harmes,1,Western Bulldogs,3,3,11,11,14,14,2,2,0,0,1,1,1,2,1,1,0,6,42,42
Totals,,,50,,323,6.5,268,5.4,591,11.8,138,2.8,9,0.2,105,2.1,33,41,17,0.3,16,118,2376,47.5
301,14,Sam Day,1,Brisbane Lions,3,3,4,4,7,7,2,2,11,11,3,3,0,2,0,0,1,1,41,41
302,10,Daniel Turner,1,Melbourne,4,4,3,3,7,7,3,3,0,0,2,2,1,1,1,1,2,8,41,41
303,12,Jack Bowes,1,Geelong,7,7,3,3,10,10,0,0,0,0,4,4,1,1,0,0,0,0,41,41
304,15,Taylor Duryea,1,Western Bulldogs,7,7,4,4,11,11,4,4,0,0,1,1,2,2,0,0,0,0,41,41
305,25,James Peatling,1,Adelaide,5,5,8,8,13,13,2,2,0,0,3,3,1,3,0,0,0,0,41,41
306,20,Finn Maginness,1,Hawthorn,8,8,5,5,13,13,4,4,0,0,0,0,0,2,0,0,1,1,41,41
307,8,Jake Lever,1,Melbourne,6,6,4,4,10,10,5,5,0,0,1,1,1,2,0,0,0,0,40,40
308,45,Brad Close,1,Geelong,2,2,5,5,7,7,0,0,0,0,4,4,1,0,1,1,0,6,39,39
309,28,Tim Membrey,1,Collingwood,7,7,1,1,8,8,2,2,0,0,2,2,2,0,0,0,0,0,39,39
310,8,Lachie Fogarty,1,Carlton,3,3,5,5,8,8,1,1,0,0,5,5,0,1,0,0,0,0,39,39
311,45,Liam O'Connell,1,St Kilda,4,4,0,0,4,4,2,2,0,0,5,5,0,0,0,0,0,0,38,38
312,38,Bruce Reville,1,Brisbane Lions,5,5,3,3,8,8,3,3,0,0,2,2,0,0,0,0,0,0,38,38
313,34,Sid Draper,1,Adelaide,6,6,3,3,9,9,1,1,0,0,4,4,0,2,0,0,1,1,38,38
314,5,Jack Ross,1,Richmond,5,5,6,6,11,11,3,3,0,0,2,2,0,2,0,0,0,0,38,38
315,2,Lachlan Cowan,1,Carlton,5,5,4,4,9,9,1,1,0,0,3,3,2,1,0,0,0,0,37,37
316,32,Bailey J. Williams,1,West Coast,3,3,1,1,4,4,1,1,23,23,1,1,1,2,0,0,0,0,36,36
317,12,Oscar Allen,1,West Coast,7,7,1,1,8,8,4,4,0,0,0,0,0,2,1,1,1,7,36,36
318,48,Steely Green,1,Richmond,7,7,6,6,13,13,2,2,0,0,0,0,0,1,0,0,0,0,36,36
319,8,Ben Hobbs,1,Essendon,3,3,11,11,14,14,1,1,0,0,1,1,1,1,0,0,0,0,36,36
320,22,Archer Reid,1,West Coast,5,5,2,2,7,7,1,1,13,13,0,0,1,1,0,0,2,2,35,35
321,26,Nick Haynes,1,Carlton,6,6,2,2,8,8,4,4,0,0,0,0,1,0,0,0,0,0,35,35
322,43,Jacob Bauer,1,Richmond,5,5,3,3,8,8,3,3,1,1,0,0,1,1,1,1,0,6,35,35
323,30,Lachlan McNeil,1,Western Bulldogs,6,6,0,0,6,6,4,4,0,0,0,0,0,1,1,1,1,7,34,34
324,41,Jacob Konstanty,1,North Melbourne,4,4,5,5,9,9,1,1,0,0,2,2,1,2,1,1,0,6,34,34
325,13,Blake Acres,1,Carlton,7,7,3,3,10,10,1,1,0,0,1,1,3,1,0,0,0,0,34,34
326,4,Lance Collard,1,St Kilda,3,3,3,3,6,6,0,0,0,0,3,3,0,2,2,2,0,12,33,33
327,40,Taj Woewodin,1,Melbourne,6,6,4,4,10,10,1,1,0,0,1,1,0,0,0,0,0,0,33,33
328,31,Luke Trainor,1,Richmond,8,8,2,2,10,10,2,2,0,0,1,1,0,2,0,0,1,1,33,33
329,41,Bailey Banfield,1,Fremantle,4,4,6,6,10,10,1,1,0,0,0,0,0,0,1,1,0,6,33,33
330,33,Aaron Naughton,1,Western Bulldogs,4,4,7,7,11,11,4,4,0,0,0,0,1,2,0,0,0,0,33,33
331,2,Finn O'Sullivan,1,North Melbourne,9,9,3,3,12,12,2,2,0,0,0,0,0,2,0,0,0,0,33,33
332,37,Joshua Draper,1,Fremantle,5,5,2,2,7,7,1,1,0,0,2,2,2,0,0,0,0,0,32,32
333,32,Arthur Jones,1,Western Bulldogs,2,2,5,5,7,7,1,1,0,0,3,3,0,0,0,0,0,0,31,31
334,42,Harry Edwards,1,West Coast,6,6,1,1,7,7,3,3,0,0,0,0,1,0,0,0,0,0,30,30
335,35,Harrison Petty,1,Melbourne,3,3,4,4,7,7,5,5,0,0,1,1,0,2,0,0,0,0,30,30
336,21,Lucas Camporeale,1,Carlton,5,5,4,4,9,9,2,2,0,0,0,0,1,0,0,0,0,0,30,30
337,13,Noah Long,1,West Coast,3,3,4,4,7,7,0,0,0,0,3,3,0,0,0,0,0,0,29,29
338,32,Ben McKay,1,Essendon,3,3,2,2,5,5,2,2,0,0,2,2,1,0,0,0,0,0,28,28
339,49,Kaleb Smith,1,Richmond,5,5,2,2,7,7,3,3,0,0,0,0,0,0,0,0,0,0,28,28
340,44,Isaac Cumming,1,Adelaide,4,4,5,5,9,9,0,0,0,0,2,2,1,1,0,0,0,0,28,28
341,34,Hugo Garcia,1,St Kilda,1,1,4,4,5,5,0,0,0,0,4,4,0,0,0,0,0,0,27,27
342,14,Liam Stocker,1,St Kilda,3,3,2,2,5,5,3,3,0,0,1,1,0,0,0,0,0,0,26,26
343,30,Nate Caddy,1,Essendon,4,4,1,1,5,5,2,2,0,0,1,1,1,0,0,0,1,1,26,26
344,17,Brodie Kemp,1,Carlton,3,3,3,3,6,6,0,0,0,0,3,3,2,3,1,1,0,6,26,26
345,48,Mark Keane,1,Adelaide,8,8,2,2,10,10,1,1,0,0,0,0,1,2,0,0,0,0,26,26
346,14,Rhylee West,1,Western Bulldogs,4,4,6,6,10,10,1,1,0,0,1,1,1,4,1,1,0,6,26,26
347,26,Conor McKenna,1,Brisbane Lions,3,3,0,0,3,3,4,4,0,0,1,1,0,0,0,0,0,0,25,25
348,40,Tom Hanily,1,Sydney,2,2,5,5,7,7,2,2,0,0,0,0,0,1,1,1,0,6,25,25
349,41,Sam Banks,1,Richmond,3,3,5,5,8,8,0,0,0,0,2,2,1,1,0,0,0,0,25,25
350,36,James Trezise,1,Richmond,4,4,5,5,9,9,1,1,0,0,0,0,0,0,0,0,0,0,25,25
Totals,,,50,,235,4.7,179,3.6,414,8.3,96,1.9,48,1,77,1.5,33,53,12,0.2,11,83,1664,33.3
351,26,Josh Dolan,1,Western Bulldogs,5,5,2,2,7,7,1,1,0,0,1,1,0,1,0,0,0,0,23,23
352,37,Liam Fawcett,1,Richmond,3,3,2,2,5,5,2,2,0,0,0,0,0,1,1,1,0,6,22,22
353,21,Jack Petruccelle,1,West Coast,2,2,1,1,3,3,2,2,0,0,1,1,0,1,1,1,0,6,21,21
354,31,Bayley Fritsch,1,Melbourne,3,3,1,1,4,4,1,1,0,0,0,0,0,0,1,1,1,7,21,21
355,31,Connor Macdonald,1,Hawthorn,3,3,2,2,5,5,1,1,0,0,1,1,0,0,0,0,0,0,20,20
356,29,Lachlan Bramble,1,Western Bulldogs,7,7,1,1,8,8,0,0,0,0,0,0,0,1,0,0,0,0,20,20
357,34,Oisin Mullin,1,Geelong,0,0,7,7,7,7,0,0,0,0,2,2,0,1,0,0,0,0,19,19
358,30,Charlie Curnow,1,Carlton,4,4,1,1,5,5,2,2,0,0,0,0,2,2,0,0,0,0,16,16
359,36,Cooper Lord,1,Carlton,1,1,2,2,3,3,0,0,0,0,2,2,0,0,0,0,0,0,15,15
360,15,Dylan Stephens,1,North Melbourne,2,2,3,3,5,5,1,1,0,0,0,0,0,0,0,0,0,0,15,15
361,12,Angus Sheldrick,1,Sydney,2,2,1,1,3,3,1,1,0,0,0,0,0,0,0,0,1,1,12,12
362,29,Jye Menzie,1,Essendon,2,2,1,1,3,3,1,1,0,0,0,0,0,0,0,0,1,1,12,12
363,31,Brandon Walker,1,Fremantle,2,2,3,3,5,5,0,0,0,0,0,0,0,0,0,0,0,0,12,12
364,13,Oskar Baker,1,Western Bulldogs,3,3,2,2,5,5,0,0,0,0,1,1,0,2,0,0,0,0,11,11
365,44,Tom Stewart,1,Geelong,2,2,0,0,2,2,1,1,0,0,0,0,0,0,0,0,0,0,9,9
366,21,Matthew Jefferson,1,Melbourne,0,0,0,0,0,0,0,0,0,0,0,0,0,0,0,0,0,0,0,0
367,26,Reef McInnes,1,Collingwood,0,0,0,0,0,0,0,0,0,0,0,0,0,0,0,0,0,0,0,0
368,12,Jack Lukosius,1,Port Adelaide,0,0,0,0,0,0,0,0,0,0,0,0,0,0,0,0,0,0,0,0
Totals,,,18,,41,2.3,29,1.6,70,3.9,13,0.7,0,0,8,0.4,2,9,3,0.2,3,21,248,13.8
